Company Name,Model Name,Mobile Weight(gm),RAM(GB),Front Camera(MP),Back Camera(MP),Processor,Battery Capacity(mAh),Screen Size(inches),Launched Year,Price USD,Price INR,Price PKR,Price CNY,Price AED
16,733,146.0,2.0,5,13,162,2300.0,5.5,2014,199.0,16999.0,29999.0,1299.0,699.0
16,725,153.0,1.0,5,13,109,2000.0,5.0,2014,139.0,10999.0,19999.0,899.0,499.0
13,170,189.0,6.0,16,24,168,4000.0,6.0,2016,399.0,32990.0,65000.0,3099.0,1299.0
13,168,143.0,4.0,8,16,163,2600.0,5.2,2016,249.0,19990.0,40000.0,1899.0,799.0
13,222,490.0,1.5,2,5,207,5000.0,10.1,2016,129.0,9999.0,35000.0,899.0,499.0
13,223,360.0,1.5,2,5,113,5000.0,8.0,2016,99.0,8499.0,28000.0,799.0,399.0
16,698,168.0,4.0,8,13,167,3000.0,5.5,2016,179.0,13999.0,24999.0,1199.0,649.0
0,897,174.0,3.0,7,24,0,2716.0,5.8,2017,999.0,89900.0,164999.0,8388.0,3799.0
0,896,174.0,3.0,7,24,0,2716.0,5.8,2017,1099.0,99900.0,184999.0,8788.0,4199.0
13,179,181.0,3.0,13,13,31,3600.0,5.5,2017,179.0,18990.0,40000.0,1599.0,699.0
13,169,165.0,4.0,16,16,164,3300.0,5.7,2017,299.0,22990.0,50000.0,2499.0,999.0
8,446,162.0,6.0,16,36,198,3300.0,6.01,2017,649.0,34999.0,89999.0,3499.0,2499.0
8,445,155.0,8.0,16,36,198,3300.0,5.5,2017,599.0,36999.0,94999.0,3299.0,2399.0
16,746,199.0,6.0,28,16,168,4000.0,5.88,2017,299.0,24999.0,42999.0,2199.0,1099.0
16,702,158.0,4.0,28,16,164,3055.0,5.5,2017,249.0,22999.0,39999.0,1699.0,899.0
16,792,155.0,3.0,16,13,153,3000.0,5.5,2017,179.0,14999.0,27999.0,1199.0,649.0
0,903,177.0,4.0,7,24,1,2658.0,5.8,2018,999.0,99900.0,219999.0,9188.0,3899.0
0,901,177.0,4.0,7,24,1,2658.0,5.8,2018,1099.0,109900.0,239999.0,9788.0,4299.0
0,902,177.0,4.0,7,24,1,2658.0,5.8,2018,1299.0,119900.0,259999.0,10388.0,4799.0
0,906,208.0,4.0,7,24,1,3174.0,6.5,2018,1099.0,109900.0,249999.0,10088.0,4399.0
0,904,208.0,4.0,7,24,1,3174.0,6.5,2018,1249.0,119900.0,269999.0,10688.0,4799.0
0,905,208.0,4.0,7,24,1,3174.0,6.5,2018,1399.0,129900.0,289999.0,11288.0,5099.0
0,900,194.0,3.0,7,24,1,2942.0,6.1,2018,749.0,64900.0,149999.0,6299.0,2699.0
0,898,194.0,3.0,7,24,1,2942.0,6.1,2018,799.0,74900.0,159999.0,6799.0,3099.0
0,899,194.0,3.0,7,24,1,2942.0,6.1,2018,899.0,84900.0,179999.0,7299.0,3399.0
13,180,191.0,4.0,16,21,155,3500.0,6.0,2018,199.0,18990.0,45000.0,1699.0,799.0
13,178,178.0,4.0,8,18,152,3300.0,6.0,2018,169.0,15999.0,40000.0,1499.0,699.0
13,177,175.0,2.0,5,13,30,3000.0,5.5,2018,129.0,9990.0,25000.0,999.0,499.0
8,448,185.0,10.0,16,36,199,3700.0,6.41,2018,799.0,50999.0,149999.0,4699.0,3299.0
8,447,177.0,6.0,16,36,199,3300.0,6.28,2018,599.0,37999.0,99999.0,3499.0,2499.0
16,799,162.0,6.0,12,16,180,3315.0,6.3,2018,249.0,22999.0,39999.0,1699.0,899.0
16,703,150.0,4.0,24,16,165,3260.0,6.3,2018,219.0,19999.0,34999.0,1499.0,799.0
16,795,146.0,3.0,5,13,104,3260.0,6.22,2018,149.0,12999.0,22999.0,999.0,549.0
16,796,163.0,4.0,20,15,154,4030.0,6.22,2018,199.0,16999.0,29999.0,1299.0,699.0
16,713,156.0,6.0,12,12,118,3200.0,6.28,2018,349.0,24990.0,39999.0,2299.0,1199.0
16,714,156.0,4.0,12,12,118,3200.0,6.28,2018,299.0,21990.0,34999.0,1899.0,999.0
5,800,210.0,6.0,16,16,180,3350.0,6.39,2018,299.0,21400.0,49999.0,1998.0,1099.0
0,829,194.0,4.0,12,24,3,3110.0,6.1,2019,699.0,64900.0,159999.0,5499.0,2499.0
0,827,194.0,4.0,12,24,3,3110.0,6.1,2019,799.0,74900.0,169999.0,5899.0,2999.0
0,828,194.0,4.0,12,24,3,3110.0,6.1,2019,899.0,84900.0,179999.0,6299.0,3299.0
0,832,188.0,4.0,16,36,3,3046.0,5.8,2019,999.0,99900.0,219999.0,6999.0,3799.0
0,830,188.0,4.0,16,36,3,3046.0,5.8,2019,1099.0,109900.0,239999.0,7399.0,4199.0
0,831,188.0,4.0,16,36,3,3046.0,5.8,2019,1199.0,119900.0,259999.0,7999.0,4599.0
0,835,226.0,4.0,16,36,3,3969.0,6.5,2019,1099.0,109900.0,269999.0,7799.0,4399.0
0,833,226.0,4.0,16,36,3,3969.0,6.5,2019,1199.0,119900.0,289999.0,8199.0,4599.0
0,834,226.0,4.0,16,36,3,3969.0,6.5,2019,1399.0,129900.0,309999.0,8799.0,4999.0
0,815,300.5,3.0,7,8,1,5124.0,7.9,2019,399.0,39900.0,69999.0,3499.0,1499.0
0,814,300.5,3.0,7,8,1,5124.0,7.9,2019,499.0,49900.0,79999.0,3799.0,1799.0
13,191,196.0,12.0,10,28,35,4300.0,6.8,2019,1099.0,74999.0,160000.0,6299.0,3899.0
13,192,196.0,12.0,10,28,35,4300.0,6.8,2019,1199.0,84999.0,180000.0,6999.0,4199.0
13,190,168.0,8.0,10,28,35,3500.0,6.3,2019,949.0,64999.0,140000.0,5699.0,3699.0
13,189,168.0,8.0,10,28,35,3500.0,6.3,2019,899.0,59999.0,120000.0,5199.0,3399.0
8,449,206.0,12.0,16,56,200,4000.0,6.67,2019,799.0,59999.0,169999.0,4699.0,3299.0
8,451,206.0,12.0,16,56,200,4085.0,6.67,2019,899.0,69999.0,179999.0,5299.0,3799.0
16,682,201.0,8.0,32,48,120,4100.0,6.44,2019,399.0,27990.0,54999.0,2999.0,1499.0
16,683,201.0,8.0,32,48,120,4100.0,6.44,2019,429.0,33990.0,59999.0,3199.0,1599.0
16,647,185.0,6.0,32,48,107,4500.0,6.38,2019,249.0,19990.0,39999.0,2299.0,999.0
16,648,185.0,6.0,32,48,107,4500.0,6.38,2019,269.0,24990.0,44999.0,2499.0,1099.0
16,779,190.0,3.0,8,13,114,5000.0,6.35,2019,149.0,10999.0,18499.0,899.0,599.0
16,780,190.0,3.0,8,13,114,5000.0,6.35,2019,169.0,13490.0,22499.0,1099.0,649.0
16,678,190.0,6.0,32,48,108,4000.0,6.53,2019,299.0,22990.0,34999.0,2199.0,1099.0
16,679,190.0,6.0,32,48,108,4000.0,6.53,2019,319.0,26990.0,39999.0,2399.0,1199.0
16,715,190.0,8.0,32,48,130,4000.0,6.39,2019,499.0,35990.0,59999.0,3499.0,1799.0
16,716,190.0,8.0,32,48,130,4000.0,6.39,2019,549.0,39990.0,64999.0,3799.0,1999.0
16,798,159.0,4.0,16,16,131,4500.0,6.53,2019,249.0,18990.0,29999.0,1799.0,899.0
16,797,159.0,6.0,16,16,131,4500.0,6.53,2019,299.0,22990.0,34999.0,2099.0,999.0
16,680,185.0,6.0,32,48,120,3700.0,6.39,2019,399.0,25999.0,44999.0,2499.0,1499.0
16,681,185.0,6.0,32,48,120,3700.0,6.39,2019,449.0,29999.0,49999.0,2799.0,1699.0
16,722,199.0,8.0,32,64,146,4200.0,6.44,2019,899.0,47999.0,109999.0,4599.0,2299.0
16,723,199.0,8.0,32,64,146,4200.0,6.44,2019,949.0,54999.0,119999.0,5199.0,2499.0
9,620,181.0,8.0,32,76,10,4025.0,6.4,2019,249.0,22999.0,49999.0,1799.0,899.0
9,621,181.0,12.0,32,76,10,4025.0,6.4,2019,299.0,26999.0,59999.0,2099.0,1099.0
9,622,171.0,12.0,32,71,185,4025.0,6.5,2019,499.0,34999.0,79999.0,3299.0,1799.0
5,281,172.0,4.0,16,13,166,4050.0,6.22,2019,179.0,10999.0,24999.0,1199.0,699.0
5,57,172.0,3.0,5,13,41,4000.0,6.09,2019,149.0,9999.0,19999.0,999.0,549.0
5,280,164.0,4.0,16,16,180,4050.0,6.3,2019,219.0,13999.0,29999.0,1499.0,799.0
5,279,164.0,6.0,16,16,180,4050.0,6.3,2019,249.0,15999.0,34999.0,1699.0,899.0
5,801,185.0,6.0,32,48,200,4000.0,6.39,2019,429.0,39999.0,69999.0,2899.0,1599.0
5,802,185.0,8.0,32,48,200,4000.0,6.39,2019,479.0,44999.0,79999.0,3299.0,1799.0
1,544,147.0,4.0,8,14,170,3000.0,5.6,2019,399.0,39999.0,69999.0,2899.0,1599.0
1,545,167.0,4.0,8,14,170,3700.0,6.0,2019,479.0,44999.0,79999.0,3299.0,1799.0
1,546,162.0,6.0,8,14,200,2800.0,5.7,2019,799.0,59999.0,119999.0,4799.0,3199.0
1,547,193.0,6.0,8,14,200,3700.0,6.3,2019,899.0,69999.0,139999.0,5499.0,3599.0
0,847,135.0,4.0,12,12,4,2227.0,5.4,2020,699.0,69900.0,174999.0,5199.0,2599.0
0,845,135.0,4.0,12,12,4,2227.0,5.4,2020,799.0,74900.0,184999.0,5599.0,2999.0
0,846,135.0,4.0,12,12,4,2227.0,5.4,2020,899.0,84900.0,194999.0,5999.0,3299.0
0,838,164.0,4.0,12,24,4,2815.0,6.1,2020,799.0,74900.0,194999.0,5499.0,2999.0
0,836,164.0,4.0,12,24,4,2815.0,6.1,2020,899.0,84900.0,204999.0,5899.0,3199.0
0,837,164.0,4.0,12,24,4,2815.0,6.1,2020,999.0,94900.0,224999.0,6299.0,3599.0
0,839,189.0,6.0,16,36,4,2815.0,6.1,2020,999.0,119900.0,314999.0,7299.0,3999.0
0,840,189.0,6.0,16,36,4,2815.0,6.1,2020,1099.0,129900.0,334999.0,7699.0,4199.0
0,841,189.0,6.0,16,36,4,2815.0,6.1,2020,1199.0,139900.0,354999.0,8199.0,4399.0
0,842,228.0,6.0,16,36,4,3687.0,6.7,2020,1099.0,129900.0,344999.0,8399.0,4199.0
0,843,228.0,6.0,16,36,4,3687.0,6.7,2020,1199.0,139900.0,364999.0,8799.0,4399.0
0,844,228.0,6.0,16,36,4,3687.0,6.7,2020,1399.0,149900.0,384999.0,9199.0,4599.0
0,813,458.0,4.0,12,12,4,7608.0,10.9,2020,599.0,54900.0,79999.0,3299.0,2099.0
0,812,458.0,4.0,12,12,4,7608.0,10.9,2020,749.0,64900.0,89999.0,3699.0,2499.0
0,811,490.0,3.0,12,8,3,8612.0,10.2,2020,329.0,29900.0,49999.0,2299.0,1199.0
0,810,490.0,3.0,12,8,3,8612.0,10.2,2020,429.0,39900.0,59999.0,2699.0,1499.0
0,816,468.0,4.0,7,22,2,7812.0,11.0,2020,799.0,71900.0,149999.0,6399.0,2799.0
0,817,468.0,4.0,7,22,2,7812.0,11.0,2020,899.0,89900.0,169999.0,7199.0,3199.0
0,818,468.0,6.0,7,22,2,7812.0,11.0,2020,1099.0,109900.0,189999.0,7999.0,3699.0
0,819,682.0,6.0,7,22,2,9720.0,12.9,2020,999.0,94900.0,219999.0,7999.0,3799.0
0,820,682.0,6.0,7,22,2,9720.0,12.9,2020,1099.0,109900.0,239999.0,8699.0,4199.0
0,821,682.0,6.0,7,22,2,9720.0,12.9,2020,1299.0,119900.0,259999.0,9199.0,4599.0
0,822,708.0,6.0,7,22,2,10307.0,13.0,2020,1099.0,119900.0,259999.0,8699.0,4499.0
0,824,708.0,6.0,7,22,2,10307.0,13.0,2020,1199.0,139900.0,279999.0,9199.0,4799.0
0,826,708.0,6.0,7,22,2,10307.0,13.0,2020,1399.0,159900.0,309999.0,9799.0,5299.0
0,823,708.0,6.0,7,22,2,10307.0,13.0,2020,1599.0,179900.0,359999.0,10399.0,5799.0
0,825,708.0,6.0,7,22,2,10307.0,13.0,2020,1799.0,199900.0,399999.0,11199.0,6099.0
13,195,208.0,12.0,10,120,36,4500.0,6.9,2020,1299.0,99999.0,180000.0,7999.0,4499.0
13,196,208.0,12.0,10,120,36,4500.0,6.9,2020,1399.0,104999.0,200000.0,8499.0,4999.0
13,193,192.0,8.0,10,120,36,4300.0,6.7,2020,999.0,77999.0,150000.0,6499.0,3999.0
13,194,192.0,8.0,10,120,36,4300.0,6.7,2020,1099.0,89999.0,170000.0,7099.0,4199.0
13,233,172.0,4.0,5,16,32,3000.0,5.3,2020,249.0,17499.0,50000.0,1299.0,899.0
13,231,229.0,12.0,10,120,204,4500.0,7.6,2020,1399.0,89999.0,260000.0,9999.0,4999.0
13,219,426.0,4.0,5,13,34,5050.0,8.0,2020,499.0,44999.0,120000.0,2999.0,1899.0
8,475,185.0,4.0,8,15,115,5000.0,6.52,2020,179.0,12999.0,29999.0,1099.0,699.0
8,457,188.0,12.0,16,64,202,4500.0,6.55,2020,749.0,45999.0,139999.0,3699.0,2999.0
8,456,188.0,12.0,16,64,202,4500.0,6.55,2020,599.0,42999.0,119999.0,3499.0,2499.0
8,453,199.0,12.0,16,96,202,4510.0,6.78,2020,749.0,54999.0,159999.0,4999.0,2999.0
8,452,180.0,8.0,16,64,202,4300.0,6.55,2020,699.0,41999.0,119999.0,3499.0,2499.0
8,463,184.0,6.0,16,53,185,4115.0,6.44,2020,349.0,22999.0,49999.0,2099.0,1499.0
8,474,185.0,4.0,8,15,115,5000.0,6.52,2020,179.0,12999.0,29999.0,1099.0,699.0
8,473,190.0,6.0,16,72,123,4300.0,6.49,2020,299.0,19999.0,49999.0,1799.0,1099.0
8,455,192.0,8.0,16,53,202,4300.0,6.55,2020,649.0,41999.0,119999.0,3499.0,2499.0
8,450,190.0,6.0,16,53,200,3700.0,6.41,2020,599.0,38999.0,109999.0,3199.0,2399.0
8,478,190.0,8.0,32,72,185,4000.0,6.44,2020,299.0,24999.0,69999.0,2499.0,1299.0
8,454,199.0,12.0,16,56,202,4510.0,6.78,2020,899.0,59999.0,169999.0,4999.0,3599.0
8,458,188.0,12.0,16,64,202,4500.0,6.55,2020,799.0,58999.0,169999.0,4699.0,3299.0
16,684,176.0,8.0,32,48,131,4500.0,6.44,2020,399.0,27990.0,49999.0,2799.0,1499.0
16,685,176.0,8.0,32,48,131,4500.0,6.44,2020,429.0,31990.0,54999.0,3199.0,1599.0
16,782,191.0,3.0,8,13,106,5000.0,6.51,2020,159.0,10990.0,18999.0,899.0,599.0
16,781,191.0,4.0,8,13,106,5000.0,6.51,2020,179.0,13990.0,22999.0,1099.0,699.0
16,786,193.0,4.0,8,13,106,5000.0,6.47,2020,199.0,14990.0,24999.0,1499.0,749.0
16,787,193.0,3.0,8,13,106,5000.0,6.47,2020,169.0,11990.0,19999.0,1299.0,649.0
16,686,173.0,8.0,44,64,133,4000.0,6.44,2020,499.0,25999.0,49999.0,2699.0,1499.0
16,687,173.0,8.0,44,64,133,4000.0,6.44,2020,549.0,29999.0,54999.0,2999.0,1699.0
9,626,180.0,8.0,32,76,185,4300.0,6.43,2020,299.0,26999.0,69999.0,2099.0,1099.0
9,627,180.0,12.0,32,76,185,4300.0,6.43,2020,349.0,29999.0,79999.0,2399.0,1299.0
9,628,173.0,8.0,32,76,9,4350.0,6.55,2020,399.0,32999.0,89999.0,2799.0,1499.0
9,629,173.0,12.0,32,76,9,4350.0,6.55,2020,449.0,36999.0,99999.0,3099.0,1699.0
9,630,184.0,12.0,32,81,202,4500.0,6.55,2020,599.0,44999.0,119999.0,3799.0,2099.0
9,623,183.0,8.0,32,60,185,4000.0,6.43,2020,299.0,24999.0,59999.0,1899.0,999.0
9,624,183.0,8.0,32,60,185,4000.0,6.43,2020,349.0,26999.0,69999.0,2199.0,1199.0
9,625,172.0,12.0,32,73,185,4000.0,6.55,2020,499.0,39999.0,99999.0,3299.0,1799.0
9,49,175.0,4.0,8,20,64,4040.0,6.5,2020,179.0,12999.0,27999.0,1299.0,900.0
9,48,184.0,4.0,8,24,64,4000.0,6.5,2020,169.0,11999.0,25999.0,1199.0,850.0
9,47,186.0,4.0,8,17,60,4000.0,6.5,2020,149.0,10999.0,23999.0,1099.0,800.0
9,46,185.0,4.0,8,15,60,4000.0,6.5,2020,139.0,9999.0,21999.0,999.0,750.0
9,43,185.0,4.0,8,15,60,4000.0,6.5,2020,129.0,8999.0,19999.0,899.0,700.0
9,297,194.0,6.0,16,60,64,5000.0,6.5,2020,199.0,14999.0,44999.0,1499.0,1000.0
9,295,180.0,8.0,32,60,133,4025.0,6.4,2020,279.0,19999.0,49999.0,1999.0,1400.0
9,296,180.0,8.0,32,60,133,4025.0,6.4,2020,299.0,21999.0,54999.0,2199.0,1500.0
9,297,194.0,6.0,16,60,64,5000.0,6.5,2020,199.0,14999.0,44999.0,1499.0,1000.0
9,295,180.0,8.0,32,60,133,4025.0,6.4,2020,279.0,19999.0,49999.0,1999.0,1400.0
1,548,143.0,6.0,8,14,182,3140.0,5.8,2020,349.0,31999.0,89999.0,2999.0,1399.0
1,549,168.0,6.0,8,14,185,3885.0,6.2,2020,499.0,37999.0,109999.0,3799.0,1999.0
1,550,151.0,8.0,8,14,185,4080.0,6.0,2020,699.0,49999.0,139999.0,4599.0,2799.0
4,247,195.0,3.0,8,13,90,5000.0,6.6,2020,109.0,7999.0,19999.0,699.0,399.0
4,653,195.0,2.0,5,8,88,5000.0,6.1,2020,79.0,5999.0,15999.0,499.0,299.0
4,413,210.0,6.0,8,48,97,5200.0,6.78,2020,199.0,12999.0,29999.0,1199.0,749.0
4,247,195.0,3.0,8,13,90,5000.0,6.6,2020,109.0,7999.0,19999.0,699.0,399.0
4,412,210.0,6.0,16,64,97,5200.0,6.95,2020,229.0,15999.0,34999.0,1499.0,899.0
4,808,210.0,8.0,16,48,100,4500.0,6.85,2020,249.0,17999.0,39999.0,1599.0,999.0
4,246,204.0,4.0,8,16,96,5200.0,6.78,2020,159.0,10999.0,24999.0,999.0,599.0
4,807,205.0,8.0,48,64,100,4500.0,6.85,2020,279.0,19999.0,44999.0,1799.0,1099.0
4,652,195.0,3.0,8,13,88,5000.0,6.6,2020,99.0,7499.0,18999.0,599.0,349.0
2,34,175.0,4.0,8,48,43,3750.0,6.5,2020,219.0,15999.0,39999.0,1499.0,799.0
2,15,185.0,8.0,32,40,48,4000.0,6.53,2020,449.0,29999.0,74999.0,2999.0,1599.0
2,16,190.0,8.0,32,50,49,4000.0,6.57,2020,599.0,39999.0,94999.0,3999.0,2199.0
2,17,192.0,12.0,32,50,49,4000.0,6.57,2020,699.0,45999.0,109999.0,4499.0,2599.0
2,18,190.0,6.0,16,64,44,4000.0,6.5,2020,349.0,22999.0,54999.0,2299.0,1299.0
2,704,203.0,6.0,16,40,44,4300.0,6.63,2020,319.0,19999.0,48999.0,2099.0,1149.0
2,705,227.0,8.0,8,48,69,5000.0,7.09,2020,379.0,25999.0,64999.0,2499.0,1399.0
2,565,213.0,6.0,16,64,69,4300.0,6.81,2020,349.0,21999.0,49999.0,2299.0,1249.0
2,566,213.0,8.0,32,40,49,4200.0,6.57,2020,549.0,29999.0,74999.0,3499.0,1999.0
2,0,206.0,4.0,8,48,42,5000.0,6.67,2020,229.0,13999.0,34999.0,1499.0,849.0
2,512,460.0,4.0,2,5,119,5100.0,10.1,2020,199.0,17999.0,49999.0,1299.0,749.0
2,534,460.0,3.0,2,5,111,5100.0,9.7,2020,159.0,14999.0,39999.0,999.0,599.0
10,106,219.0,6.0,20,64,202,4700.0,6.67,2020,499.0,37999.0,99999.0,2999.0,1999.0
10,307,209.0,4.0,16,48,181,5000.0,6.67,2020,199.0,13999.0,34999.0,1399.0,799.0
10,718,215.0,6.0,20,64,183,5160.0,6.67,2020,229.0,16999.0,39999.0,1599.0,899.0
10,308,198.0,4.0,8,48,169,6000.0,6.53,2020,149.0,10999.0,24999.0,999.0,599.0
0,857,140.0,4.0,12,12,5,2438.0,5.4,2021,699.0,69900.0,174999.0,5199.0,2599.0
0,858,140.0,4.0,12,12,5,2438.0,5.4,2021,799.0,74900.0,184999.0,5599.0,2999.0
0,859,140.0,4.0,12,12,5,2438.0,5.4,2021,899.0,84900.0,194999.0,5999.0,3299.0
0,848,174.0,4.0,12,24,5,3240.0,6.1,2021,799.0,74900.0,194999.0,5499.0,2999.0
0,849,174.0,4.0,12,24,5,3240.0,6.1,2021,899.0,84900.0,204999.0,5899.0,3199.0
0,850,174.0,4.0,12,24,5,3240.0,6.1,2021,999.0,94900.0,224999.0,6299.0,3599.0
0,851,204.0,6.0,16,36,5,3095.0,6.1,2021,999.0,119900.0,294999.0,7299.0,3999.0
0,852,204.0,6.0,16,36,5,3095.0,6.1,2021,1099.0,129900.0,314999.0,7699.0,4199.0
0,853,204.0,6.0,16,36,5,3095.0,6.1,2021,1199.0,139900.0,344999.0,8199.0,4399.0
0,854,238.0,6.0,16,36,5,4352.0,6.7,2021,1099.0,129900.0,324999.0,8299.0,4199.0
0,855,238.0,6.0,16,36,5,4352.0,6.7,2021,1199.0,139900.0,354999.0,8799.0,4399.0
0,856,238.0,6.0,16,36,5,4352.0,6.7,2021,1399.0,149900.0,384999.0,9199.0,4599.0
13,232,228.0,12.0,10,120,204,4500.0,7.6,2021,1499.0,99999.0,280000.0,10999.0,5499.0
13,215,366.0,3.0,2,8,105,5100.0,8.7,2021,149.0,11999.0,40000.0,999.0,599.0
8,460,192.0,12.0,16,98,204,4500.0,6.7,2021,699.0,59999.0,179999.0,4199.0,2799.0
8,459,183.0,8.0,16,98,204,4500.0,6.55,2021,599.0,39999.0,149999.0,3699.0,2299.0
8,464,190.0,8.0,32,58,55,4500.0,6.43,2021,349.0,27999.0,59999.0,2299.0,1499.0
8,476,189.0,4.0,16,15,157,5000.0,6.49,2021,199.0,15999.0,39999.0,1199.0,799.0
8,462,192.0,8.0,16,98,204,4500.0,6.55,2021,649.0,49999.0,159999.0,4199.0,2799.0
8,461,189.0,8.0,16,53,203,4500.0,6.55,2021,599.0,39999.0,159999.0,3499.0,2499.0
8,472,170.0,6.0,16,72,184,4500.0,6.43,2021,299.0,24999.0,54999.0,2499.0,1499.0
8,465,189.0,8.0,32,58,55,4500.0,6.43,2021,399.0,27999.0,69999.0,2499.0,1699.0
16,690,172.0,8.0,50,64,102,4050.0,6.44,2021,299.0,20999.0,39999.0,1799.0,1099.0
16,691,172.0,8.0,50,64,102,4050.0,6.44,2021,349.0,24999.0,44999.0,1999.0,1199.0
16,788,182.0,8.0,16,50,97,5000.0,6.58,2021,239.0,17999.0,34999.0,1699.0,899.0
16,789,182.0,4.0,16,50,97,5000.0,6.58,2021,179.0,14999.0,29999.0,1299.0,799.0
16,737,190.0,12.0,32,48,147,4200.0,6.56,2021,899.0,44999.0,109999.0,3999.0,1999.0
16,738,190.0,12.0,32,48,147,4200.0,6.56,2021,999.0,49999.0,119999.0,4199.0,2099.0
16,793,179.0,8.0,16,50,60,5000.0,6.58,2021,349.0,21999.0,54999.0,2199.0,1299.0
16,794,179.0,8.0,16,50,60,5000.0,6.58,2021,399.0,25999.0,59999.0,2499.0,1499.0
16,790,190.0,6.0,16,64,97,5000.0,6.58,2021,229.0,16999.0,34999.0,1699.0,899.0
16,791,190.0,6.0,16,64,97,5000.0,6.58,2021,179.0,13999.0,29999.0,1299.0,799.0
16,742,185.0,8.0,32,50,54,4450.0,6.56,2021,749.0,39999.0,99999.0,4299.0,2099.0
16,743,185.0,8.0,32,50,54,4450.0,6.56,2021,799.0,44999.0,109999.0,4699.0,2299.0
16,784,182.0,4.0,8,13,106,5000.0,6.51,2021,199.0,12999.0,29999.0,1299.0,699.0
16,785,182.0,4.0,8,13,106,5000.0,6.51,2021,179.0,9999.0,26999.0,1099.0,599.0
9,636,173.0,8.0,32,74,20,4500.0,6.4,2021,349.0,28999.0,79999.0,1999.0,1299.0
9,637,173.0,12.0,32,74,20,4500.0,6.4,2021,399.0,32999.0,89999.0,2199.0,1499.0
9,638,180.0,12.0,32,60,12,4500.0,6.55,2021,499.0,39999.0,109999.0,2799.0,1799.0
9,631,182.0,8.0,32,74,20,4300.0,6.43,2021,349.0,29999.0,79999.0,2399.0,1299.0
9,632,182.0,12.0,32,74,20,4300.0,6.43,2021,399.0,32999.0,89999.0,2699.0,1499.0
9,633,177.0,8.0,32,76,12,4500.0,6.55,2021,449.0,39999.0,99999.0,2999.0,1699.0
9,634,177.0,12.0,32,76,12,4500.0,6.55,2021,499.0,44999.0,109999.0,3299.0,1899.0
9,635,188.0,12.0,32,81,203,4500.0,6.55,2021,599.0,49999.0,129999.0,3999.0,2199.0
9,52,189.0,6.0,8,15,60,5000.0,6.5,2021,199.0,14999.0,32999.0,1499.0,1000.0
9,51,186.0,6.0,8,17,60,5000.0,6.5,2021,189.0,13999.0,29999.0,1399.0,950.0
9,50,190.0,6.0,16,60,116,5000.0,6.5,2021,219.0,15999.0,34999.0,1599.0,1100.0
9,302,194.0,6.0,16,68,75,5000.0,6.5,2021,199.0,15999.0,49999.0,1499.0,1000.0
9,303,194.0,8.0,16,68,75,5000.0,6.5,2021,229.0,17999.0,54999.0,1699.0,1200.0
9,300,180.0,8.0,16,74,54,4500.0,6.43,2021,299.0,24999.0,69999.0,2199.0,1500.0
9,301,180.0,12.0,16,74,54,4500.0,6.43,2021,329.0,27999.0,74999.0,2499.0,1700.0
9,298,172.0,8.0,32,74,134,4300.0,6.43,2021,279.0,22999.0,59999.0,1999.0,1400.0
9,299,172.0,8.0,32,74,134,4300.0,6.43,2021,299.0,24999.0,64999.0,2199.0,1500.0
9,302,194.0,6.0,16,68,75,5000.0,6.5,2021,199.0,15999.0,49999.0,1499.0,1000.0
9,303,194.0,8.0,16,68,75,5000.0,6.5,2021,229.0,17999.0,54999.0,1699.0,1200.0
9,300,180.0,8.0,16,74,54,4500.0,6.43,2021,299.0,24999.0,69999.0,2199.0,1500.0
9,301,180.0,12.0,16,74,54,4500.0,6.43,2021,329.0,27999.0,74999.0,2499.0,1700.0
9,298,172.0,8.0,32,74,134,4300.0,6.43,2021,279.0,22999.0,59999.0,1999.0,1400.0
9,299,172.0,8.0,32,74,134,4300.0,6.43,2021,299.0,24999.0,64999.0,2199.0,1500.0
12,513,440.0,4.0,8,8,97,7100.0,10.4,2021,200.0,19999.0,57999.0,1400.0,740.0
12,499,440.0,6.0,8,8,97,7100.0,10.4,2021,230.0,22999.0,64999.0,1600.0,850.0
5,292,200.0,6.0,16,64,169,5000.0,6.8,2021,249.0,14999.0,39999.0,1699.0,949.0
5,290,190.0,2.0,5,13,209,5000.0,6.52,2021,149.0,7499.0,19999.0,999.0,549.0
5,291,200.0,4.0,8,48,156,5000.0,6.5,2021,199.0,11999.0,29999.0,1299.0,749.0
3,492,181.0,8.0,13,50,205,4100.0,6.5,2021,699.0,59999.0,129999.0,4488.0,2599.0
3,494,195.0,8.0,13,50,205,4360.0,6.6,2021,899.0,79999.0,149999.0,5988.0,3299.0
3,493,190.0,8.0,17,40,205,4000.0,6.5,2021,1299.0,129999.0,199999.0,8988.0,4799.0
3,339,188.0,8.0,13,64,50,4200.0,6.5,2021,799.0,69999.0,139999.0,4599.0,2999.0
3,348,295.0,8.0,16,50,45,4500.0,6.5,2021,2699.0,249999.0,349999.0,17999.0,9999.0
3,426,175.0,8.0,32,50,187,4300.0,6.57,2021,499.0,37999.0,89999.0,2699.0,1899.0
3,427,186.0,8.0,32,50,187,4000.0,6.72,2021,599.0,44999.0,109999.0,3499.0,2199.0
7,140,197.0,4.0,8,48,86,5050.0,6.52,2021,169.0,12499.0,48999.0,999.0,629.0
7,139,197.0,4.0,8,48,86,5050.0,6.52,2021,189.0,13999.0,54999.0,1199.0,699.0
1,551,183.0,6.0,8,14,185,4680.0,6.34,2021,449.0,42999.0,109999.0,3999.0,1799.0
1,552,207.0,8.0,8,50,37,4614.0,6.4,2021,699.0,59999.0,159999.0,5999.0,2999.0
1,553,210.0,12.0,12,50,37,5003.0,6.71,2021,899.0,79999.0,199999.0,7199.0,3499.0
4,251,205.0,4.0,8,48,96,5000.0,6.82,2021,149.0,10499.0,23999.0,999.0,549.0
4,249,211.0,6.0,8,48,98,6000.0,6.82,2021,169.0,11999.0,25999.0,1099.0,599.0
4,250,211.0,6.0,8,48,98,6000.0,6.82,2021,179.0,12499.0,26999.0,1199.0,649.0
4,248,207.0,4.0,8,13,92,6000.0,6.82,2021,139.0,9499.0,22999.0,899.0,499.0
4,252,201.0,4.0,8,13,96,5200.0,6.6,2021,159.0,10999.0,24999.0,999.0,599.0
4,253,209.0,4.0,8,13,93,6000.0,6.82,2021,169.0,11499.0,25999.0,1099.0,649.0
4,254,205.0,6.0,8,50,99,5000.0,6.78,2021,189.0,12999.0,27999.0,1299.0,699.0
2,700,189.0,8.0,16,50,51,4000.0,6.72,2021,599.0,37999.0,89999.0,3999.0,2199.0
2,19,175.0,8.0,32,108,135,4300.0,6.57,2021,549.0,37999.0,89999.0,2699.0,2049.0
2,20,187.0,8.0,32,108,135,4000.0,6.72,2021,649.0,44999.0,109999.0,3699.0,2499.0
2,21,191.0,8.0,16,108,81,4000.0,6.78,2021,449.0,29999.0,74999.0,2399.0,1699.0
2,706,192.0,6.0,16,64,81,4300.0,6.67,2021,379.0,25999.0,64999.0,2299.0,1399.0
2,707,179.0,6.0,16,64,60,4000.0,6.6,2021,299.0,22999.0,54999.0,1799.0,1199.0
2,567,179.0,8.0,16,64,72,3800.0,6.53,2021,319.0,19999.0,49999.0,2099.0,1149.0
2,568,191.0,6.0,8,13,211,5000.0,6.5,2021,219.0,14999.0,34999.0,1499.0,799.0
2,321,202.0,8.0,13,50,148,4600.0,6.76,2021,899.0,64999.0,159999.0,4599.0,3299.0
2,322,213.0,8.0,13,50,149,4600.0,6.76,2021,1099.0,74999.0,189999.0,5499.0,3999.0
2,323,236.0,12.0,13,50,149,4600.0,6.76,2021,1299.0,84999.0,219999.0,6499.0,4599.0
2,22,179.0,8.0,32,108,135,4800.0,6.67,2021,549.0,41999.0,99999.0,2699.0,2049.0
2,23,192.0,8.0,50,108,136,4800.0,6.78,2021,649.0,49999.0,124999.0,3699.0,2599.0
2,24,191.0,8.0,16,64,81,4300.0,6.67,2021,449.0,29999.0,74999.0,2399.0,1699.0
2,720,189.0,6.0,16,48,124,4800.0,6.81,2021,379.0,27999.0,69999.0,2099.0,1299.0
2,724,175.0,6.0,16,48,75,4000.0,6.7,2021,299.0,22999.0,54999.0,1799.0,1099.0
2,721,228.0,8.0,8,64,81,5000.0,7.09,2021,499.0,35999.0,89999.0,2399.0,1899.0
2,514,460.0,4.0,2,5,97,5100.0,10.1,2021,229.0,19999.0,54999.0,1399.0,849.0
2,674,480.0,6.0,8,13,69,7250.0,10.4,2021,399.0,34999.0,84999.0,2199.0,1499.0
2,675,485.0,8.0,8,13,57,7250.0,11.0,2021,499.0,44999.0,109999.0,2899.0,1799.0
10,113,196.0,6.0,20,48,203,4520.0,6.67,2021,349.0,29999.0,69999.0,2499.0,1399.0
10,719,215.0,6.0,20,48,201,5160.0,6.67,2021,249.0,18999.0,49999.0,1799.0,999.0
10,309,190.0,4.0,8,48,60,5000.0,6.5,2021,199.0,13999.0,29999.0,1199.0,799.0
10,114,205.0,6.0,16,64,54,5065.0,6.67,2021,399.0,25999.0,79999.0,2299.0,1499.0
10,717,193.0,6.0,16,64,53,5000.0,6.6,2021,279.0,21999.0,44999.0,1899.0,1099.0
10,311,195.0,4.0,16,50,75,5000.0,6.6,2021,219.0,14999.0,34999.0,1499.0,849.0
0,860,172.0,6.0,12,24,5,3200.0,6.1,2022,799.0,69999.0,184999.0,5199.0,2699.0
0,861,172.0,6.0,12,24,5,3200.0,6.1,2022,849.0,74999.0,194999.0,5599.0,2999.0
0,862,172.0,6.0,12,24,5,3200.0,6.1,2022,949.0,84999.0,204999.0,5999.0,3199.0
0,863,203.0,6.0,12,24,5,4325.0,6.7,2022,899.0,79999.0,204999.0,5499.0,3199.0
0,864,203.0,6.0,12,24,5,4325.0,6.7,2022,999.0,84999.0,214999.0,5899.0,3399.0
0,865,203.0,6.0,12,24,5,4325.0,6.7,2022,1049.0,94999.0,224999.0,6299.0,3599.0
0,866,206.0,6.0,16,60,6,4200.0,6.1,2022,1099.0,109999.0,294999.0,7199.0,3699.0
0,867,206.0,8.0,16,60,6,4200.0,6.1,2022,1199.0,119999.0,304999.0,7499.0,3899.0
0,868,206.0,8.0,16,60,6,4200.0,6.1,2022,1299.0,134999.0,324999.0,7999.0,4199.0
0,869,221.0,6.0,16,60,6,4500.0,6.7,2022,1199.0,124999.0,324999.0,8099.0,3999.0
0,870,221.0,8.0,16,60,6,4500.0,6.7,2022,1299.0,134999.0,344999.0,8499.0,4199.0
0,871,221.0,8.0,16,60,6,4500.0,6.7,2022,1399.0,144999.0,364999.0,8999.0,4499.0
13,199,228.0,12.0,10,120,28,5000.0,6.8,2022,1099.0,94900.0,420000.0,6599.0,4499.0
13,200,228.0,12.0,10,120,28,5000.0,6.8,2022,1199.0,104900.0,450000.0,7199.0,4799.0
13,201,195.0,8.0,10,62,28,4500.0,6.6,2022,799.0,79900.0,350000.0,5999.0,3299.0
13,202,195.0,8.0,10,62,28,4500.0,6.6,2022,899.0,89900.0,380000.0,6499.0,3599.0
13,197,167.0,8.0,10,62,28,3800.0,6.1,2022,699.0,69900.0,300000.0,5499.0,2999.0
13,198,167.0,8.0,10,62,28,3800.0,6.1,2022,799.0,79900.0,330000.0,5999.0,3199.0
13,239,263.0,12.0,10,62,192,4400.0,7.6,2022,1799.0,134900.0,480000.0,10999.0,6499.0
13,240,263.0,12.0,10,62,192,4400.0,7.6,2022,1899.0,154900.0,530000.0,11999.0,7099.0
13,235,187.0,8.0,10,24,192,3700.0,6.7,2022,999.0,84900.0,320000.0,6999.0,3799.0
13,236,187.0,8.0,10,24,192,3700.0,6.7,2022,1099.0,94900.0,350000.0,7999.0,4099.0
13,159,188.0,4.0,5,52,32,5000.0,6.5,2022,199.0,14999.0,50000.0,1199.0,899.0
13,158,188.0,4.0,5,52,32,5000.0,6.5,2022,249.0,18499.0,60000.0,1399.0,999.0
13,182,188.0,4.0,5,15,106,5000.0,6.5,2022,199.0,12999.0,50000.0,1099.0,899.0
13,181,188.0,4.0,5,15,106,5000.0,6.5,2022,249.0,15999.0,60000.0,1299.0,999.0
13,234,235.0,6.0,13,50,27,4050.0,6.6,2022,499.0,28999.0,75000.0,2299.0,1699.0
13,225,726.0,12.0,24,19,192,11200.0,14.6,2022,1099.0,109999.0,320000.0,9499.0,4299.0
13,226,567.0,8.0,12,19,192,10090.0,12.4,2022,899.0,94999.0,250000.0,8299.0,3699.0
13,224,503.0,8.0,12,19,192,8000.0,11.0,2022,699.0,74999.0,200000.0,6999.0,2999.0
13,216,508.0,4.0,5,8,214,7040.0,10.5,2022,199.0,17999.0,68000.0,1499.0,799.0
13,220,674.0,6.0,8,13,186,7600.0,10.1,2022,649.0,64999.0,180000.0,4299.0,2599.0
8,430,200.0,12.0,32,98,192,5000.0,6.7,2022,899.0,64999.0,199999.0,4999.0,3299.0
8,432,203.0,12.0,16,58,195,4500.0,6.7,2022,749.0,54999.0,179999.0,4699.0,2899.0
8,466,190.0,8.0,32,58,56,4500.0,6.43,2022,399.0,28999.0,69999.0,2499.0,1699.0
8,433,203.0,12.0,16,58,195,4500.0,6.7,2022,749.0,54999.0,179999.0,4699.0,2899.0
8,469,195.0,6.0,16,66,81,5000.0,6.59,2022,249.0,19999.0,49999.0,1799.0,999.0
8,468,173.0,8.0,16,72,54,4500.0,6.43,2022,299.0,23999.0,64999.0,2499.0,1299.0
8,431,205.0,8.0,16,66,76,4500.0,6.7,2022,599.0,49999.0,169999.0,3899.0,2499.0
16,668,181.0,6.0,16,50,124,5000.0,6.58,2022,269.0,17999.0,39999.0,1799.0,999.0
16,669,181.0,8.0,16,50,124,5000.0,6.58,2022,319.0,21999.0,44999.0,1999.0,1099.0
16,692,190.0,8.0,32,64,56,4830.0,6.56,2022,599.0,25999.0,79999.0,2799.0,1599.0
16,693,190.0,8.0,32,64,56,4830.0,6.56,2022,649.0,29999.0,85999.0,2999.0,1799.0
16,747,221.0,12.0,32,50,84,4870.0,6.78,2022,1099.0,69999.0,199999.0,6999.0,3999.0
16,748,221.0,12.0,32,50,84,4870.0,6.78,2022,1199.0,79999.0,229999.0,7499.0,4499.0
16,688,179.0,8.0,50,64,83,4200.0,6.44,2022,499.0,27999.0,69999.0,2799.0,1499.0
16,689,179.0,8.0,50,64,83,4200.0,6.44,2022,549.0,32999.0,74999.0,3199.0,1699.0
16,744,206.0,12.0,32,50,82,4700.0,6.78,2022,899.0,59999.0,179999.0,5999.0,3499.0
16,745,206.0,12.0,32,50,82,4700.0,6.78,2022,999.0,69999.0,199999.0,6499.0,3999.0
16,499,498.0,6.0,8,13,203,8040.0,11.0,2022,329.0,34999.0,64999.0,2499.0,1199.0
9,127,218.0,12.0,32,113,192,5000.0,6.7,2022,899.0,89999.0,159999.0,5999.0,3299.0
9,128,218.0,16.0,32,113,192,5000.0,6.7,2022,999.0,99999.0,179999.0,6999.0,3699.0
9,126,196.0,8.0,32,113,204,4800.0,6.55,2022,799.0,79999.0,139999.0,4999.0,2999.0
9,121,233.0,12.0,32,130,195,4520.0,7.1,2022,1099.0,99999.0,179999.0,6999.0,3999.0
9,643,174.0,8.0,32,66,186,4500.0,6.7,2022,449.0,32999.0,109999.0,2399.0,1699.0
9,644,174.0,12.0,32,66,186,4500.0,6.7,2022,499.0,36999.0,129999.0,2699.0,1899.0
9,645,184.0,16.0,32,58,17,4500.0,6.7,2022,599.0,42999.0,159999.0,3299.0,2199.0
9,646,192.0,16.0,32,60,195,4700.0,6.7,2022,649.0,52999.0,189999.0,3799.0,2499.0
9,639,179.0,8.0,32,60,13,4500.0,6.4,2022,399.0,29999.0,89999.0,2199.0,1499.0
9,640,179.0,12.0,32,60,13,4500.0,6.4,2022,449.0,34999.0,99999.0,2499.0,1699.0
9,641,183.0,12.0,32,60,17,4500.0,6.7,2022,549.0,42999.0,129999.0,3099.0,1999.0
9,642,195.0,12.0,32,60,17,4500.0,6.7,2022,599.0,46999.0,139999.0,3399.0,2199.0
9,54,188.0,8.0,8,52,60,5000.0,6.56,2022,249.0,19000.0,49999.0,1699.0,1300.0
9,53,186.0,6.0,8,15,75,5000.0,6.56,2022,219.0,15999.0,34999.0,1599.0,1100.0
9,282,195.0,6.0,16,68,124,5000.0,6.59,2022,199.0,16990.0,54999.0,1499.0,1000.0
9,283,195.0,8.0,16,68,124,5000.0,6.59,2022,229.0,18990.0,59999.0,1699.0,1200.0
9,277,205.0,8.0,16,74,71,5000.0,6.59,2022,249.0,19999.0,64999.0,1799.0,1300.0
9,282,195.0,6.0,16,68,124,5000.0,6.59,2022,199.0,16990.0,54999.0,1499.0,1000.0
9,283,195.0,8.0,16,68,124,5000.0,6.59,2022,229.0,18990.0,59999.0,1699.0,1200.0
9,277,205.0,8.0,16,74,71,5000.0,6.59,2022,249.0,19999.0,64999.0,1799.0,1300.0
9,278,205.0,12.0,16,74,71,5000.0,6.59,2022,279.0,22999.0,69999.0,2099.0,1500.0
12,531,499.0,4.0,8,13,124,8340.0,11.0,2022,310.0,29999.0,79999.0,2200.0,1150.0
12,530,499.0,6.0,8,13,124,8340.0,11.0,2022,350.0,33999.0,89999.0,2500.0,1300.0
12,520,372.0,3.0,5,8,213,6400.0,8.7,2022,160.0,15999.0,44999.0,1100.0,600.0
12,521,372.0,4.0,5,8,213,6400.0,8.7,2022,180.0,17999.0,49999.0,1300.0,660.0
12,525,440.0,4.0,8,8,97,7100.0,10.4,2022,200.0,19499.0,56999.0,1350.0,730.0
12,524,440.0,6.0,8,8,97,7100.0,10.4,2022,220.0,21999.0,62999.0,1550.0,800.0
5,304,209.0,8.0,16,50,195,5100.0,6.67,2022,499.0,49999.0,139999.0,3299.0,1899.0
5,305,209.0,12.0,16,50,195,5100.0,6.67,2022,549.0,54999.0,159999.0,3699.0,2099.0
5,306,209.0,16.0,16,50,195,5100.0,6.67,2022,599.0,59999.0,179999.0,4199.0,2299.0
5,294,198.0,4.0,8,48,215,5000.0,6.5,2022,199.0,10999.0,29999.0,1299.0,749.0
5,293,198.0,6.0,8,48,215,5000.0,6.5,2022,229.0,12999.0,34999.0,1499.0,849.0
6,368,206.0,4.0,16,50,169,5000.0,6.6,2022,249.0,17999.0,39999.0,1599.0,949.0
6,367,206.0,6.0,16,50,169,5000.0,6.6,2022,279.0,19999.0,44999.0,1799.0,1049.0
6,365,203.0,3.0,5,13,92,5000.0,6.5,2022,149.0,9999.0,24999.0,999.0,549.0
6,366,203.0,4.0,5,13,92,5000.0,6.5,2022,179.0,11999.0,29999.0,1199.0,649.0
6,90,168.0,8.0,32,50,206,4400.0,6.55,2022,699.0,49999.0,119999.0,3999.0,2599.0
6,91,168.0,12.0,32,50,206,4400.0,6.55,2022,749.0,54999.0,129999.0,4299.0,2799.0
6,92,155.0,6.0,32,64,174,4020.0,6.28,2022,499.0,34999.0,89999.0,2499.0,1799.0
6,93,155.0,8.0,32,64,174,4020.0,6.28,2022,549.0,39999.0,99999.0,2799.0,1999.0
6,386,173.0,6.0,16,50,174,5000.0,6.6,2022,399.0,24999.0,64999.0,1999.0,1499.0
6,387,173.0,8.0,16,50,174,5000.0,6.6,2022,449.0,29999.0,74999.0,2299.0,1699.0
6,382,184.0,4.0,16,50,159,5000.0,6.5,2022,349.0,19999.0,54999.0,1599.0,1299.0
6,383,184.0,6.0,16,50,159,5000.0,6.5,2022,399.0,24999.0,64999.0,1899.0,1499.0
6,377,175.0,4.0,16,50,171,5000.0,6.4,2022,299.0,16999.0,44999.0,1399.0,1099.0
6,374,184.0,4.0,16,50,171,5000.0,6.5,2022,279.0,14999.0,39999.0,1299.0,999.0
6,362,185.0,3.0,8,16,95,5000.0,6.5,2022,199.0,11999.0,29999.0,999.0,749.0
6,361,169.0,2.0,5,16,95,4020.0,6.5,2022,179.0,9999.0,24999.0,899.0,699.0
6,360,169.0,4.0,5,16,95,4020.0,6.5,2022,199.0,10999.0,27999.0,999.0,749.0
6,373,185.0,4.0,16,50,95,5000.0,6.5,2022,249.0,12999.0,34999.0,1199.0,899.0
3,495,181.0,8.0,13,50,187,4100.0,6.5,2022,649.0,54999.0,119999.0,4088.0,2399.0
3,353,255.0,8.0,17,50,205,4600.0,6.5,2022,2499.0,199999.0,299999.0,14999.0,8999.0
3,340,202.0,8.0,13,50,196,4460.0,6.7,2022,999.0,84999.0,169999.0,6299.0,3699.0
3,341,205.0,8.0,13,50,196,4700.0,6.74,2022,1199.0,99999.0,189999.0,7299.0,4399.0
3,414,168.0,8.0,60,50,187,4000.0,6.67,2022,499.0,39999.0,99999.0,2699.0,1899.0
3,415,191.0,8.0,60,50,187,4500.0,6.78,2022,599.0,49999.0,119999.0,3499.0,2199.0
3,416,184.0,8.0,16,108,171,4500.0,6.67,2022,399.0,34999.0,79999.0,2299.0,1499.0
7,142,190.0,4.0,8,50,210,5050.0,6.5,2022,169.0,11999.0,46999.0,1099.0,619.0
7,141,190.0,6.0,8,50,210,5050.0,6.5,2022,189.0,13999.0,52999.0,1299.0,699.0
7,143,198.0,6.0,16,48,157,5000.0,6.58,2022,239.0,22999.0,79999.0,1799.0,899.0
14,767,185.0,12.0,12,12,192,5000.0,6.5,2022,1599.0,119999.0,429999.0,7299.0,5799.0
14,773,172.0,8.0,12,12,192,5000.0,6.1,2022,999.0,89999.0,319999.0,5999.0,3799.0
14,770,161.0,6.0,8,12,173,5000.0,6.0,2022,499.0,49999.0,179999.0,3299.0,1799.0
7,672,466.0,4.0,8,8,212,8200.0,10.4,2022,39622.0,17999.0,52000.0,1250.0,870.0
1,554,178.0,6.0,8,14,37,4410.0,6.1,2022,449.0,43999.0,129999.0,4299.0,1999.0
1,555,197.0,8.0,18,50,38,4355.0,6.3,2022,599.0,64999.0,169999.0,6199.0,2399.0
1,556,212.0,12.0,18,50,38,5000.0,6.7,2022,899.0,89999.0,229999.0,7999.0,3599.0
4,255,195.0,6.0,8,13,98,5000.0,6.82,2022,179.0,11499.0,28999.0,1099.0,649.0
4,256,209.0,4.0,8,13,211,6000.0,6.82,2022,159.0,10499.0,24999.0,999.0,599.0
4,257,191.0,8.0,8,50,213,5000.0,6.6,2022,199.0,12999.0,31999.0,1199.0,749.0
4,258,190.0,4.0,8,13,89,5000.0,6.6,2022,139.0,9999.0,22999.0,899.0,499.0
4,259,198.0,6.0,8,50,98,5000.0,6.82,2022,199.0,12999.0,30999.0,1199.0,749.0
4,261,209.0,4.0,8,13,95,6000.0,6.82,2022,159.0,10999.0,25999.0,999.0,599.0
4,263,202.0,8.0,8,50,102,5000.0,6.78,2022,219.0,14999.0,34999.0,1399.0,799.0
4,260,204.0,6.0,8,50,75,5000.0,6.6,2022,239.0,16999.0,38999.0,1499.0,899.0
4,262,195.0,4.0,8,13,92,5000.0,6.6,2022,139.0,9499.0,21999.0,899.0,499.0
2,569,190.0,6.0,5,13,110,5000.0,6.52,2022,179.0,12999.0,29999.0,1199.0,699.0
2,570,198.0,6.0,5,13,60,5000.0,6.74,2022,229.0,16999.0,39999.0,1499.0,799.0
2,324,199.0,8.0,12,50,142,4800.0,6.81,2022,899.0,72999.0,179999.0,4699.0,3299.0
2,325,215.0,8.0,12,50,142,4600.0,6.81,2022,1099.0,84999.0,209999.0,5499.0,3999.0
2,326,242.0,12.0,12,50,142,4600.0,6.81,2022,1299.0,99999.0,249999.0,6799.0,4599.0
2,317,288.0,12.0,42,50,142,4750.0,7.9,2022,1799.0,149999.0,349999.0,9999.0,6599.0
2,25,178.0,8.0,32,54,136,4800.0,6.67,2022,549.0,46999.0,119999.0,2699.0,2099.0
2,26,192.0,8.0,50,54,70,4500.0,6.78,2022,699.0,59999.0,149999.0,3699.0,2699.0
2,27,209.0,12.0,50,54,82,4500.0,6.78,2022,799.0,69999.0,179999.0,4299.0,3199.0
2,727,172.0,6.0,8,50,124,5100.0,6.67,2022,299.0,26999.0,64999.0,1499.0,1099.0
2,728,175.0,6.0,8,50,60,4000.0,6.7,2022,279.0,22999.0,49999.0,1799.0,999.0
2,28,180.0,8.0,32,160,137,4800.0,6.67,2022,549.0,46999.0,119999.0,2699.0,2099.0
2,29,193.0,12.0,50,160,145,4800.0,6.78,2022,799.0,69999.0,169999.0,4199.0,3099.0
2,30,175.0,8.0,32,64,81,4600.0,6.67,2022,399.0,34999.0,84999.0,1999.0,1599.0
2,515,520.0,6.0,5,5,121,7250.0,12.0,2022,299.0,24999.0,69999.0,1599.0,1099.0
2,535,460.0,4.0,2,5,97,5100.0,10.1,2022,189.0,16999.0,44999.0,1199.0,699.0
2,536,450.0,3.0,2,5,112,5000.0,9.7,2022,149.0,12999.0,34999.0,999.0,549.0
10,115,195.0,6.0,20,64,203,4500.0,6.67,2022,349.0,27999.0,74999.0,2399.0,1399.0
10,116,210.0,8.0,20,64,192,4700.0,6.67,2022,499.0,39999.0,99999.0,3299.0,1999.0
10,726,205.0,6.0,16,108,173,5000.0,6.67,2022,299.0,18999.0,54999.0,1999.0,1199.0
10,310,179.0,6.0,16,64,102,5000.0,6.43,2022,219.0,14999.0,39999.0,1499.0,849.0
10,312,201.0,4.0,5,50,103,5000.0,6.58,2022,199.0,12499.0,29999.0,1299.0,799.0
10,313,178.8,4.0,13,64,101,5000.0,6.43,2022,229.0,13999.0,34999.0,1399.0,899.0
0,872,171.0,6.0,12,48,6,3200.0,6.1,2023,799.0,74999.0,204999.0,5299.0,2699.0
0,873,171.0,6.0,12,48,6,3200.0,6.1,2023,849.0,79999.0,214999.0,5599.0,2999.0
0,874,171.0,6.0,12,48,6,3200.0,6.1,2023,949.0,89999.0,224999.0,5999.0,3199.0
0,875,203.0,6.0,12,48,6,4300.0,6.7,2023,899.0,84999.0,234999.0,5699.0,3199.0
0,876,203.0,6.0,12,48,6,4300.0,6.7,2023,999.0,94999.0,244999.0,6199.0,3399.0
0,877,203.0,6.0,12,48,6,4300.0,6.7,2023,1049.0,104999.0,264999.0,6799.0,3599.0
0,878,206.0,6.0,16,60,6,4400.0,6.1,2023,1099.0,99999.0,274999.0,6999.0,3599.0
0,879,206.0,8.0,16,60,6,4400.0,6.1,2023,1199.0,109999.0,284999.0,7299.0,3799.0
0,880,206.0,8.0,16,60,6,4400.0,6.1,2023,1299.0,119999.0,304999.0,7799.0,4199.0
0,881,221.0,6.0,16,60,6,4500.0,6.7,2023,1199.0,114999.0,314999.0,7999.0,3899.0
0,882,221.0,8.0,16,60,6,4500.0,6.7,2023,1299.0,124999.0,324999.0,8199.0,4199.0
0,883,221.0,8.0,16,60,6,4500.0,6.7,2023,1399.0,134999.0,344999.0,8699.0,4399.0
13,205,228.0,12.0,12,212,193,5000.0,6.8,2023,1199.0,99900.0,430000.0,7299.0,4599.0
13,206,228.0,12.0,12,212,193,5000.0,6.8,2023,1299.0,109900.0,460000.0,7999.0,4899.0
13,207,196.0,8.0,12,62,193,4700.0,6.6,2023,899.0,79900.0,360000.0,6199.0,3399.0
13,208,196.0,8.0,12,62,193,4700.0,6.6,2023,999.0,89900.0,390000.0,6799.0,3599.0
13,203,168.0,8.0,12,62,193,3900.0,6.1,2023,799.0,69900.0,320000.0,5499.0,3099.0
13,204,168.0,8.0,12,62,193,3900.0,6.1,2023,899.0,79900.0,350000.0,5999.0,3299.0
13,241,254.0,12.0,10,62,193,4400.0,7.6,2023,1799.0,154900.0,500000.0,11999.0,6999.0
13,242,254.0,12.0,10,62,193,4400.0,7.6,2023,1899.0,174900.0,550000.0,12999.0,7499.0
13,237,187.0,8.0,12,24,193,3700.0,6.7,2023,999.0,94900.0,350000.0,7999.0,4099.0
13,238,187.0,8.0,12,24,193,3700.0,6.7,2023,1099.0,104900.0,380000.0,8999.0,4399.0
13,166,189.0,6.0,32,62,27,5000.0,6.4,2023,399.0,27999.0,85000.0,2199.0,1399.0
13,167,189.0,6.0,32,62,27,5000.0,6.4,2023,449.0,32999.0,95000.0,2499.0,1499.0
13,164,199.0,6.0,13,56,52,5000.0,6.6,2023,349.0,22999.0,75000.0,1799.0,1299.0
13,165,199.0,6.0,13,56,52,5000.0,6.6,2023,399.0,27999.0,85000.0,1999.0,1399.0
13,162,195.0,6.0,13,55,103,5000.0,6.5,2023,299.0,19999.0,70000.0,1599.0,1199.0
13,163,195.0,6.0,13,55,103,5000.0,6.5,2023,349.0,24999.0,80000.0,1799.0,1299.0
13,160,190.0,4.0,13,52,32,5000.0,6.6,2023,249.0,18499.0,60000.0,1499.0,1099.0
13,161,190.0,4.0,13,52,32,5000.0,6.6,2023,299.0,21999.0,70000.0,1699.0,1199.0
13,187,202.0,8.0,32,116,27,6000.0,6.7,2023,349.0,23999.0,95000.0,2099.0,1299.0
13,188,202.0,8.0,32,116,27,6000.0,6.7,2023,399.0,26999.0,105000.0,2299.0,1399.0
13,185,199.0,6.0,13,58,26,6000.0,6.5,2023,299.0,17999.0,70000.0,1699.0,1099.0
13,186,199.0,6.0,13,58,26,6000.0,6.5,2023,349.0,20999.0,80000.0,1999.0,1199.0
13,183,202.0,4.0,13,52,32,6000.0,6.6,2023,249.0,14999.0,60000.0,1399.0,999.0
13,184,202.0,4.0,13,52,32,6000.0,6.6,2023,299.0,17999.0,70000.0,1599.0,1099.0
13,175,199.0,8.0,32,116,27,6000.0,6.7,2023,349.0,23999.0,85000.0,2199.0,1299.0
13,176,199.0,8.0,32,116,27,6000.0,6.7,2023,399.0,26999.0,95000.0,2399.0,1399.0
13,173,190.0,6.0,13,58,26,6000.0,6.5,2023,299.0,18999.0,70000.0,1799.0,1099.0
13,174,190.0,6.0,13,58,26,6000.0,6.5,2023,349.0,21999.0,80000.0,1999.0,1199.0
13,171,198.0,4.0,13,52,32,6000.0,6.6,2023,249.0,14999.0,60000.0,1399.0,999.0
13,172,198.0,4.0,13,52,32,6000.0,6.6,2023,299.0,17999.0,70000.0,1599.0,1099.0
13,229,732.0,12.0,24,21,193,11200.0,14.6,2023,1199.0,114999.0,350000.0,9999.0,4499.0
13,230,586.0,12.0,12,21,193,10090.0,12.4,2023,999.0,99999.0,280000.0,8799.0,3999.0
13,227,498.0,8.0,12,13,193,8400.0,11.0,2023,799.0,85999.0,230000.0,7299.0,3299.0
13,228,523.0,6.0,12,8,27,8000.0,10.9,2023,549.0,49999.0,150000.0,5499.0,1999.0
13,218,480.0,8.0,5,8,173,7040.0,11.0,2023,229.0,22999.0,100000.0,1799.0,899.0
13,217,366.0,4.0,2,8,103,5100.0,8.7,2023,179.0,16999.0,75000.0,1299.0,699.0
8,434,205.0,12.0,16,98,192,5000.0,6.7,2023,699.0,54999.0,179999.0,4999.0,2799.0
8,436,202.0,12.0,16,58,192,5000.0,6.7,2023,599.0,44999.0,159999.0,3799.0,2499.0
8,467,190.0,12.0,16,58,82,5000.0,6.74,2023,499.0,34999.0,119999.0,3499.0,1999.0
8,470,179.0,8.0,16,52,188,5000.0,6.72,2023,399.0,22999.0,85000.0,2799.0,1499.0
8,471,195.0,8.0,16,108,173,5000.0,6.72,2023,299.0,17999.0,59999.0,2099.0,1199.0
8,477,192.0,8.0,16,66,58,5000.0,6.72,2023,249.0,16999.0,55000.0,1999.0,999.0
8,435,204.0,16.0,32,98,193,5000.0,6.7,2023,899.0,74999.0,219999.0,6399.0,3599.0
8,442,210.0,8.0,16,58,193,4500.0,6.7,2023,849.0,74999.0,219999.0,6499.0,3599.0
8,437,202.0,12.0,32,98,193,5000.0,6.7,2023,799.0,74999.0,199999.0,5999.0,3499.0
8,444,210.0,12.0,32,58,194,5000.0,6.7,2023,849.0,74999.0,229999.0,6499.0,3699.0
8,443,202.0,8.0,16,72,193,4800.0,6.55,2023,799.0,69999.0,199999.0,5999.0,3499.0
8,441,215.0,12.0,32,98,193,5000.0,6.7,2023,899.0,74999.0,219999.0,6199.0,3799.0
8,440,200.0,12.0,16,58,193,5000.0,6.7,2023,849.0,74999.0,219999.0,5899.0,3599.0
8,480,550.0,8.0,8,13,82,9510.0,11.61,2023,499.0,39999.0,94999.0,3999.0,1799.0
16,694,182.0,8.0,50,50,77,4600.0,6.78,2023,599.0,29999.0,79999.0,2999.0,1699.0
16,695,182.0,8.0,50,50,77,4600.0,6.78,2023,649.0,32999.0,84999.0,3199.0,1899.0
16,696,182.0,8.0,50,50,77,4600.0,6.78,2023,699.0,34999.0,89999.0,3299.0,1899.0
16,697,182.0,8.0,50,50,77,4600.0,6.78,2023,749.0,37999.0,94999.0,3499.0,2099.0
16,776,190.0,8.0,16,64,81,4500.0,6.44,2023,399.0,19999.0,59999.0,1999.0,1199.0
16,777,190.0,8.0,16,64,81,4500.0,6.44,2023,449.0,22999.0,64999.0,2199.0,1399.0
16,670,190.0,8.0,16,64,124,4500.0,6.44,2023,299.0,15999.0,49999.0,1699.0,999.0
16,671,190.0,8.0,16,64,124,4500.0,6.44,2023,349.0,18999.0,54999.0,1799.0,1099.0
16,501,535.0,8.0,8,50,54,8040.0,11.0,2023,399.0,39999.0,74999.0,3199.0,1399.0
16,518,510.0,6.0,8,13,203,8040.0,10.4,2023,279.0,31999.0,58999.0,2199.0,999.0
16,505,500.0,6.0,8,13,184,8040.0,11.0,2023,349.0,34999.0,62999.0,2399.0,1199.0
16,507,550.0,8.0,8,50,204,8040.0,12.3,2023,449.0,45999.0,84999.0,3599.0,1599.0
18,499,520.0,6.0,8,13,203,8040.0,11.0,2023,349.0,37999.0,69999.0,2699.0,1299.0
9,124,239.0,12.0,32,160,193,4805.0,7.82,2023,1399.0,159999.0,299999.0,9999.0,5199.0
9,125,198.0,12.0,32,130,84,4300.0,6.8,2023,999.0,109999.0,199999.0,6999.0,3699.0
9,107,173.0,8.0,32,66,186,4500.0,6.55,2023,549.0,42999.0,74999.0,3499.0,1999.0
9,108,173.0,8.0,32,66,186,4500.0,6.55,2023,599.0,44999.0,79999.0,3799.0,2199.0
9,522,520.0,6.0,8,13,203,8360.0,11.0,2023,499.0,44999.0,79999.0,3499.0,1899.0
9,523,520.0,8.0,8,13,203,8360.0,11.0,2023,599.0,49999.0,89999.0,3999.0,2199.0
9,131,218.0,12.0,32,150,193,5000.0,6.82,2023,999.0,94999.0,169999.0,6499.0,3699.0
9,132,218.0,16.0,32,150,193,5000.0,6.82,2023,1099.0,104999.0,189999.0,7499.0,4099.0
9,129,207.0,12.0,32,150,22,4800.0,6.74,2023,899.0,84999.0,149999.0,5999.0,3299.0
9,130,207.0,16.0,32,150,22,4800.0,6.74,2023,999.0,94999.0,169999.0,6999.0,3699.0
9,122,191.0,8.0,32,58,21,4300.0,6.8,2023,899.0,84999.0,149999.0,5999.0,3299.0
9,123,191.0,12.0,32,58,21,4300.0,6.8,2023,999.0,94999.0,169999.0,6999.0,3699.0
9,606,180.0,8.0,32,104,15,5000.0,6.7,2023,499.0,38999.0,129999.0,2699.0,1899.0
9,607,180.0,8.0,32,104,15,5000.0,6.7,2023,549.0,42999.0,149999.0,2999.0,2099.0
9,608,186.0,12.0,32,90,186,4600.0,6.7,2023,599.0,44999.0,169999.0,3499.0,2299.0
9,609,194.0,16.0,32,122,195,4700.0,6.74,2023,699.0,54999.0,199999.0,3999.0,2599.0
9,55,186.0,6.0,8,15,58,5000.0,6.56,2023,199.0,14999.0,39999.0,1699.0,1000.0
9,56,186.0,8.0,8,15,58,5000.0,6.56,2023,229.0,16999.0,44999.0,1899.0,1200.0
9,286,195.0,8.0,16,110,124,5000.0,6.72,2023,199.0,18000.0,59999.0,1499.0,1000.0
9,287,195.0,12.0,16,110,124,5000.0,6.72,2023,229.0,20000.0,64999.0,1699.0,1200.0
9,286,195.0,8.0,16,110,124,5000.0,6.72,2023,199.0,18000.0,59999.0,1499.0,1000.0
9,287,195.0,12.0,16,110,124,5000.0,6.72,2023,229.0,20000.0,64999.0,1699.0,1200.0
9,284,184.0,8.0,16,74,137,5000.0,6.7,2023,259.0,21999.0,69999.0,1899.0,1300.0
9,285,184.0,12.0,16,74,137,5000.0,6.7,2023,299.0,24999.0,74999.0,2199.0,1500.0
12,149,191.0,8.0,32,108,150,5500.0,6.78,2023,380.0,37999.0,89999.0,2800.0,1400.0
12,150,191.0,12.0,32,108,150,5500.0,6.78,2023,400.0,39999.0,94999.0,2900.0,1460.0
12,151,191.0,16.0,32,108,150,5500.0,6.78,2023,420.0,41999.0,99999.0,3000.0,1520.0
12,152,191.0,8.0,32,58,127,5500.0,6.78,2023,360.0,28756.0,84999.0,2700.0,1330.0
12,153,191.0,8.0,32,58,127,5500.0,6.78,2023,380.0,30999.0,89999.0,2800.0,1400.0
12,65,189.0,6.0,8,66,99,5000.0,6.72,2023,170.0,14999.0,39999.0,1200.0,620.0
12,66,189.0,8.0,8,66,99,5000.0,6.72,2023,190.0,16999.0,44999.0,1300.0,680.0
12,500,482.0,6.0,8,8,103,8360.0,11.5,2023,280.0,27999.0,74999.0,2000.0,1050.0
12,501,482.0,8.0,8,8,103,8360.0,11.5,2023,320.0,31999.0,84999.0,2300.0,1200.0
12,503,466.0,4.0,8,8,98,7100.0,10.4,2023,190.0,18999.0,54999.0,1300.0,700.0
12,502,466.0,6.0,8,8,98,7100.0,10.4,2023,210.0,20999.0,61999.0,1500.0,770.0
17,751,206.0,12.0,32,150,194,5000.0,6.73,2023,799.0,84999.0,189999.0,4799.0,3299.0
17,752,206.0,12.0,32,150,194,5000.0,6.73,2023,899.0,94999.0,209999.0,5299.0,3699.0
17,749,189.0,12.0,32,100,194,4610.0,6.36,2023,699.0,74999.0,169999.0,3999.0,2899.0
17,750,189.0,12.0,32,100,194,4610.0,6.36,2023,799.0,84999.0,189999.0,4499.0,3299.0
6,589,192.0,8.0,32,50,195,3500.0,6.36,2023,999.0,59999.0,199999.0,5999.0,3699.0
6,590,192.0,12.0,32,50,195,3500.0,6.5,2023,1099.0,64999.0,219999.0,6499.0,3999.0
6,145,166.0,8.0,16,50,173,5000.0,6.5,2023,299.0,19999.0,79999.0,1799.0,1099.0
6,146,166.0,12.0,16,50,173,5000.0,6.5,2023,349.0,22999.0,89999.0,1999.0,1299.0
6,372,195.0,4.0,16,50,99,5000.0,6.8,2023,199.0,21999.0,49999.0,1499.0,799.0
6,369,195.0,6.0,16,50,99,5000.0,6.8,2023,249.0,24999.0,54999.0,1699.0,899.0
6,364,198.0,4.0,8,48,215,5000.0,6.5,2023,199.0,11999.0,29999.0,1299.0,749.0
6,363,198.0,6.0,8,48,215,5000.0,6.5,2023,229.0,13999.0,34999.0,1499.0,849.0
3,496,197.0,8.0,13,109,196,4815.0,6.67,2023,999.0,84999.0,169999.0,6988.0,3699.0
3,498,200.0,12.0,13,109,196,4815.0,6.67,2023,1099.0,99999.0,189999.0,7988.0,4199.0
3,497,206.0,12.0,13,136,196,5100.0,6.73,2023,1299.0,119999.0,219999.0,8988.0,4799.0
3,349,239.0,12.0,8,75,196,4800.0,12.0,2023,2499.0,249999.0,349999.0,13999.0,9999.0
3,342,209.0,12.0,13,74,46,4750.0,6.7,2023,1099.0,109999.0,199999.0,6999.0,4099.0
3,343,225.0,12.0,13,138,46,5000.0,6.82,2023,1299.0,129999.0,229999.0,7999.0,4699.0
3,344,235.0,12.0,13,146,46,5200.0,6.82,2023,1499.0,149999.0,249999.0,8999.0,5199.0
3,417,168.0,8.0,60,58,187,4500.0,6.7,2023,499.0,44999.0,89999.0,2999.0,1899.0
3,418,188.0,8.0,68,58,187,4500.0,6.78,2023,599.0,54999.0,109999.0,3499.0,2199.0
3,419,188.0,12.0,68,58,187,4500.0,6.78,2023,699.0,64999.0,129999.0,3999.0,2499.0
7,144,193.0,4.0,8,50,158,5000.0,6.56,2023,229.0,18999.0,74999.0,1499.0,849.0
7,64,199.0,3.0,8,50,209,5000.0,6.52,2023,139.0,9999.0,39999.0,899.0,499.0
7,63,199.0,4.0,8,50,209,5000.0,6.52,2023,159.0,10999.0,44999.0,999.0,549.0
7,62,190.0,2.0,8,13,209,5000.0,6.5,2023,119.0,8499.0,34999.0,799.0,449.0
7,61,190.0,3.0,8,13,209,5000.0,6.5,2023,139.0,9499.0,38999.0,899.0,499.0
14,768,187.0,12.0,12,48,193,5000.0,6.5,2023,1699.0,124999.0,449999.0,7999.0,5999.0
14,774,178.0,8.0,12,48,193,5000.0,6.1,2023,1099.0,94999.0,339999.0,6299.0,4099.0
14,771,164.0,6.0,8,48,173,5000.0,6.1,2023,599.0,54999.0,199999.0,3699.0,1999.0
1,557,193.0,8.0,18,64,38,4385.0,6.1,2023,499.0,44999.0,139999.0,4599.0,2199.0
1,558,187.0,8.0,15,50,39,4575.0,6.2,2023,699.0,69999.0,179999.0,6399.0,2799.0
1,559,213.0,12.0,15,50,39,5050.0,6.7,2023,999.0,99999.0,249999.0,8499.0,3999.0
4,269,196.0,8.0,32,50,99,5000.0,6.78,2023,199.0,12499.0,35999.0,1199.0,749.0
4,271,195.0,4.0,8,13,210,5000.0,6.6,2023,159.0,10999.0,28999.0,999.0,599.0
4,270,195.0,8.0,32,108,103,5000.0,6.78,2023,229.0,14999.0,39999.0,1399.0,849.0
4,264,196.0,8.0,8,50,99,5000.0,6.78,2023,199.0,12499.0,35999.0,1199.0,749.0
4,267,191.0,4.0,8,13,210,5000.0,6.6,2023,159.0,10999.0,28999.0,999.0,599.0
4,268,191.0,4.0,8,13,210,5000.0,6.6,2023,159.0,11499.0,29999.0,999.0,599.0
4,266,205.0,4.0,8,16,95,6000.0,6.82,2023,179.0,11999.0,30999.0,1099.0,649.0
4,265,202.0,8.0,8,50,75,5000.0,6.78,2023,239.0,17999.0,41999.0,1499.0,899.0
4,803,185.0,8.0,50,108,73,5000.0,6.78,2023,349.0,26999.0,69999.0,2199.0,1299.0
4,804,185.0,12.0,50,108,73,5000.0,6.78,2023,379.0,29999.0,74999.0,2299.0,1399.0
4,147,187.0,8.0,32,108,74,5000.0,6.67,2023,399.0,32999.0,84999.0,2599.0,1499.0
2,571,196.0,4.0,5,13,95,5200.0,6.74,2023,159.0,12499.0,29999.0,1099.0,599.0
2,572,199.0,6.0,5,13,58,5200.0,6.74,2023,199.0,14999.0,34999.0,1299.0,749.0
2,327,204.0,8.0,12,50,143,5100.0,6.81,2023,999.0,79999.0,199999.0,4999.0,3599.0
2,328,219.0,12.0,12,50,143,5100.0,6.81,2023,1199.0,99999.0,249999.0,6199.0,4399.0
2,329,234.0,16.0,12,50,143,5450.0,6.81,2023,1399.0,119999.0,299999.0,7499.0,5199.0
2,320,267.0,12.0,16,50,145,5000.0,7.9,2023,1699.0,149999.0,369999.0,9999.0,6199.0
2,731,185.0,6.0,8,108,117,5800.0,6.78,2023,299.0,28999.0,74999.0,1599.0,1099.0
2,732,179.0,6.0,8,100,58,4500.0,6.7,2023,249.0,21999.0,54999.0,1399.0,899.0
2,573,191.0,4.0,5,13,94,5000.0,6.52,2023,149.0,11499.0,27999.0,999.0,549.0
2,574,195.0,6.0,5,50,59,5200.0,6.74,2023,189.0,13999.0,32999.0,1199.0,699.0
2,31,183.0,12.0,50,200,126,5000.0,6.7,2023,599.0,54999.0,139999.0,2999.0,2199.0
2,32,192.0,12.0,50,200,145,5000.0,6.78,2023,699.0,64999.0,169999.0,3999.0,2799.0
2,33,175.0,8.0,32,64,81,4600.0,6.67,2023,399.0,34999.0,84999.0,1999.0,1599.0
2,736,185.0,6.0,8,108,117,5800.0,6.78,2023,299.0,28999.0,74999.0,1599.0,1099.0
2,739,179.0,6.0,8,100,58,4500.0,6.7,2023,249.0,21999.0,54999.0,1399.0,899.0
2,575,191.0,4.0,5,13,94,5000.0,6.52,2023,149.0,11499.0,27999.0,999.0,549.0
2,576,195.0,6.0,5,50,59,5200.0,6.74,2023,189.0,13999.0,32999.0,1199.0,699.0
2,527,510.0,6.0,5,13,73,7250.0,11.0,2023,449.0,39999.0,94999.0,2499.0,1599.0
2,528,530.0,8.0,8,13,82,8500.0,12.1,2023,649.0,54999.0,129999.0,3599.0,2299.0
2,540,495.0,6.0,5,8,122,7250.0,11.5,2023,299.0,22999.0,59999.0,1599.0,1099.0
2,537,460.0,4.0,2,5,97,5100.0,10.1,2023,189.0,16999.0,44999.0,1199.0,699.0
2,336,590.0,12.0,8,13,145,10000.0,13.0,2023,799.0,64999.0,149999.0,3999.0,2999.0
2,538,450.0,4.0,2,5,112,5000.0,9.7,2023,149.0,12999.0,34999.0,999.0,549.0
2,539,460.0,3.0,2,5,112,5100.0,9.7,2023,129.0,10999.0,29999.0,799.0,499.0
10,117,181.0,6.0,16,64,179,5000.0,6.67,2023,349.0,29999.0,79999.0,2299.0,1299.0
10,118,204.0,8.0,20,64,195,5160.0,6.67,2023,499.0,39999.0,99999.0,3299.0,1899.0
10,729,189.0,6.0,13,48,173,5000.0,6.67,2023,279.0,18999.0,54999.0,1799.0,1099.0
10,730,181.0,6.0,16,108,186,5000.0,6.67,2023,329.0,22999.0,64999.0,2199.0,1199.0
10,314,199.0,4.0,8,50,99,5000.0,6.58,2023,199.0,12999.0,29999.0,1299.0,799.0
10,315,202.0,6.0,8,50,151,5000.0,6.79,2023,219.0,14999.0,34999.0,1499.0,849.0
0,884,174.0,6.0,12,48,7,3600.0,6.1,2024,799.0,79999.0,224999.0,5799.0,2799.0
0,885,174.0,6.0,12,48,7,3600.0,6.1,2024,849.0,84999.0,234999.0,6099.0,2999.0
0,886,174.0,6.0,12,48,7,3600.0,6.1,2024,899.0,89999.0,244999.0,6499.0,3199.0
0,887,203.0,6.0,12,48,7,4200.0,6.7,2024,899.0,89999.0,249999.0,6199.0,3199.0
0,888,203.0,6.0,12,48,7,4200.0,6.7,2024,949.0,94999.0,259999.0,6499.0,3399.0
0,889,203.0,6.0,12,48,7,4200.0,6.7,2024,999.0,104999.0,274999.0,6999.0,3599.0
0,890,206.0,6.0,16,62,8,4400.0,6.1,2024,999.0,99999.0,284999.0,6999.0,3499.0
0,891,206.0,8.0,16,62,8,4400.0,6.1,2024,1049.0,104999.0,294999.0,7099.0,3699.0
0,892,206.0,8.0,16,62,8,4400.0,6.1,2024,1099.0,114999.0,314999.0,7499.0,3899.0
0,893,221.0,6.0,16,60,8,4500.0,6.7,2024,1099.0,109999.0,314999.0,7499.0,3799.0
0,894,221.0,8.0,16,60,8,4500.0,6.7,2024,1199.0,114999.0,324999.0,7799.0,3999.0
0,895,221.0,8.0,16,60,8,4500.0,6.7,2024,1299.0,124999.0,344999.0,8199.0,4199.0
13,211,234.0,12.0,12,212,29,5000.0,6.8,2024,1199.0,104900.0,450000.0,7499.0,4899.0
13,212,234.0,12.0,12,212,29,5000.0,6.8,2024,1299.0,114900.0,480000.0,7999.0,5099.0
13,213,196.0,8.0,12,62,29,4800.0,6.6,2024,899.0,89900.0,400000.0,6199.0,3599.0
13,214,196.0,8.0,12,62,29,4800.0,6.6,2024,999.0,99900.0,430000.0,6999.0,3799.0
13,209,168.0,8.0,12,62,29,4000.0,6.1,2024,799.0,79900.0,350000.0,5799.0,3299.0
13,210,168.0,8.0,12,62,29,4000.0,6.1,2024,899.0,89900.0,380000.0,6199.0,3499.0
13,221,433.0,6.0,5,13,27,5050.0,8.0,2024,549.0,54999.0,150000.0,3699.0,2199.0
8,438,205.0,12.0,32,98,194,5000.0,6.7,2024,799.0,74999.0,219999.0,5999.0,3199.0
8,439,203.0,12.0,16,58,193,4500.0,6.7,2024,699.0,49999.0,169999.0,4299.0,2599.0
8,479,238.0,16.0,32,96,193,4800.0,7.8,2024,1099.0,74999.0,299999.0,6999.0,4299.0
8,481,550.0,8.0,8,13,82,9510.0,11.61,2024,549.0,44999.0,104999.0,4499.0,1999.0
8,482,610.0,12.0,16,50,194,11000.0,12.4,2024,799.0,69999.0,169999.0,5999.0,2599.0
16,708,223.0,12.0,32,50,25,6000.0,6.78,2024,999.0,119999.0,199999.0,6999.0,3699.0
16,709,223.0,12.0,32,50,25,6000.0,6.78,2024,1099.0,129999.0,219999.0,7499.0,3999.0
16,710,223.0,16.0,32,200,25,6000.0,6.78,2024,1199.0,139999.0,229999.0,7999.0,4399.0
16,711,223.0,16.0,32,200,25,6000.0,6.78,2024,1299.0,149999.0,249999.0,8499.0,4699.0
16,712,187.0,16.0,32,50,25,5700.0,6.31,2024,949.0,109999.0,189999.0,6499.0,3499.0
16,701,179.0,8.0,44,64,186,4100.0,6.44,2024,449.0,44999.0,79999.0,2999.0,1649.0
16,783,190.0,12.0,16,64,12,5000.0,6.58,2024,399.0,39999.0,69999.0,2499.0,1499.0
16,673,180.0,8.0,16,50,203,5000.0,6.67,2024,349.0,34999.0,59999.0,2299.0,1299.0
16,778,181.0,8.0,16,64,20,4500.0,6.38,2024,299.0,29999.0,54999.0,1999.0,1099.0
16,649,189.0,12.0,32,108,193,4700.0,6.56,2024,599.0,59999.0,99999.0,3999.0,2199.0
16,699,192.0,12.0,32,64,11,4500.0,6.44,2024,549.0,49999.0,89999.0,3499.0,1999.0
16,907,210.0,16.0,16,50,194,5000.0,6.78,2024,699.0,64999.0,109999.0,4499.0,2599.0
16,509,560.0,8.0,8,50,82,8040.0,12.9,2024,499.0,49999.0,94999.0,4299.0,1799.0
18,501,540.0,8.0,8,50,204,8040.0,12.3,2024,399.0,43999.0,79999.0,3499.0,1499.0
18,504,555.0,8.0,8,50,192,8040.0,12.3,2024,449.0,49999.0,89999.0,3899.0,1699.0
9,138,210.0,12.0,32,150,193,5000.0,6.8,2024,1299.0,139999.0,249999.0,8999.0,4799.0
9,137,195.0,8.0,32,100,193,4800.0,6.7,2024,1099.0,119999.0,199999.0,7499.0,4099.0
9,614,187.0,8.0,32,60,172,5000.0,6.7,2024,449.0,39999.0,69999.0,3199.0,1699.0
9,613,187.0,8.0,32,60,172,5000.0,6.7,2024,449.0,39999.0,69999.0,3199.0,1699.0
9,615,190.0,12.0,32,90,77,4600.0,6.74,2024,749.0,64999.0,119999.0,5499.0,2799.0
9,612,185.0,8.0,32,58,63,5000.0,6.7,2024,599.0,49999.0,89999.0,3999.0,2199.0
9,610,185.0,8.0,32,74,63,5000.0,6.7,2024,499.0,44999.0,79999.0,3499.0,1899.0
9,611,190.0,12.0,32,90,77,4600.0,6.74,2024,699.0,59999.0,109999.0,4999.0,2599.0
9,44,180.0,8.0,16,52,16,6000.0,6.7,2024,599.0,49999.0,89999.0,3999.0,2199.0
9,45,186.0,12.0,16,52,16,6000.0,6.7,2024,699.0,54999.0,99999.0,4499.0,2499.0
9,60,186.0,8.0,8,52,14,5100.0,6.67,2024,499.0,44999.0,79999.0,3499.0,1899.0
9,36,186.0,4.0,5,50,175,5000.0,6.7,2024,399.0,34999.0,59999.0,2999.0,1499.0
9,39,186.0,4.0,8,10,175,5100.0,6.67,2024,449.0,36999.0,64999.0,3199.0,1699.0
9,40,186.0,6.0,8,10,175,5100.0,6.67,2024,499.0,39999.0,69999.0,3499.0,1899.0
9,35,186.0,4.0,5,50,175,5000.0,6.7,2024,399.0,34999.0,59999.0,2999.0,1499.0
9,37,186.0,4.0,8,10,175,5100.0,6.67,2024,449.0,36999.0,64999.0,3199.0,1699.0
9,38,186.0,6.0,8,10,175,5100.0,6.67,2024,499.0,39999.0,69999.0,3499.0,1899.0
9,35,186.0,4.0,5,50,175,5000.0,6.7,2024,399.0,34999.0,59999.0,2999.0,1499.0
9,58,186.0,8.0,8,52,171,5000.0,6.67,2024,449.0,39999.0,69999.0,3199.0,1699.0
9,59,186.0,8.0,8,52,171,5000.0,6.67,2024,499.0,42999.0,74999.0,3499.0,1899.0
9,288,192.0,8.0,16,50,178,6400.0,6.7,2024,699.0,59999.0,109999.0,4999.0,2599.0
9,289,192.0,12.0,16,50,178,6400.0,6.7,2024,799.0,64999.0,119999.0,5499.0,2999.0
9,109,175.0,8.0,32,66,15,5000.0,6.7,2024,499.0,44999.0,79999.0,3499.0,1899.0
9,110,175.0,8.0,32,66,15,5000.0,6.7,2024,549.0,47999.0,84999.0,3799.0,2099.0
9,111,177.0,8.0,32,66,15,5000.0,6.7,2024,599.0,49999.0,89999.0,3999.0,2199.0
9,112,177.0,12.0,32,66,15,5000.0,6.7,2024,699.0,54999.0,99999.0,4499.0,2499.0
9,505,533.0,8.0,8,13,19,9510.0,11.6,2024,699.0,54999.0,99999.0,4499.0,2499.0
9,506,533.0,12.0,8,13,19,9510.0,11.6,2024,799.0,59999.0,109999.0,4999.0,2799.0
9,507,586.0,12.0,8,13,194,9510.0,12.1,2024,899.0,64999.0,119999.0,5499.0,3299.0
9,508,586.0,16.0,8,13,194,9510.0,12.1,2024,999.0,69999.0,129999.0,5999.0,3699.0
9,135,221.0,12.0,32,150,194,5000.0,6.82,2024,1199.0,109999.0,199999.0,7999.0,4399.0
9,136,221.0,16.0,32,150,194,5000.0,6.82,2024,1299.0,119999.0,219999.0,8999.0,4799.0
9,133,206.0,12.0,32,164,23,5000.0,6.78,2024,1099.0,99999.0,179999.0,6999.0,3999.0
9,134,206.0,16.0,32,164,23,5000.0,6.78,2024,1199.0,109999.0,199999.0,7999.0,4399.0
9,41,186.0,4.0,5,50,125,5100.0,6.67,2024,199.0,19999.0,39999.0,1499.0,1000.0
9,42,186.0,6.0,5,50,125,5100.0,6.67,2024,229.0,22999.0,44999.0,1799.0,1200.0
12,156,222.8,12.0,16,108,141,6500.0,6.78,2024,470.0,59999.0,139999.0,3400.0,1725.0
12,157,222.8,16.0,16,108,141,6500.0,6.78,2024,500.0,65999.0,149999.0,3600.0,1840.0
12,7,185.0,8.0,16,52,65,5000.0,6.5,2024,250.0,22999.0,59999.0,1800.0,900.0
12,8,185.0,8.0,16,52,65,5000.0,6.5,2024,270.0,24999.0,64999.0,1900.0,970.0
12,1,190.0,6.0,16,52,59,5000.0,6.6,2024,220.0,18999.0,49999.0,1500.0,800.0
12,2,190.0,8.0,16,52,59,5000.0,6.6,2024,240.0,20999.0,54999.0,1600.0,860.0
12,3,192.0,8.0,16,60,139,5200.0,6.7,2024,300.0,27999.0,74999.0,2200.0,1070.0
12,4,192.0,12.0,16,60,139,5200.0,6.7,2024,320.0,29999.0,79999.0,2400.0,1140.0
12,5,195.0,12.0,32,108,128,5500.0,6.78,2024,360.0,34999.0,94999.0,2800.0,1320.0
12,6,195.0,16.0,32,108,128,5500.0,6.78,2024,380.0,36999.0,99999.0,3000.0,1390.0
12,487,185.0,8.0,16,66,76,5100.0,6.7,2024,250.0,19999.0,54999.0,1800.0,900.0
12,488,185.0,12.0,16,66,76,5100.0,6.7,2024,270.0,21999.0,59999.0,1900.0,960.0
12,490,188.0,12.0,32,108,129,5500.0,6.78,2024,340.0,32999.0,89999.0,2500.0,1210.0
12,491,188.0,16.0,32,108,129,5500.0,6.78,2024,360.0,34999.0,94999.0,2700.0,1280.0
12,483,184.0,6.0,16,52,59,5000.0,6.6,2024,200.0,16999.0,44999.0,1400.0,720.0
12,484,184.0,8.0,16,52,59,5000.0,6.6,2024,220.0,18999.0,49999.0,1500.0,780.0
12,485,190.0,8.0,16,66,138,5200.0,6.7,2024,270.0,22999.0,59999.0,1900.0,960.0
12,486,190.0,12.0,16,66,138,5200.0,6.7,2024,290.0,24999.0,64999.0,2000.0,1020.0
12,394,200.0,8.0,16,52,75,5000.0,6.6,2024,240.0,19999.0,54999.0,1700.0,860.0
12,395,200.0,8.0,16,52,75,5000.0,6.6,2024,260.0,21999.0,59999.0,1800.0,920.0
12,396,195.0,6.0,16,52,103,5000.0,6.5,2024,180.0,14999.0,39999.0,1200.0,660.0
12,397,193.0,6.0,16,52,99,5000.0,6.5,2024,160.0,13999.0,37999.0,1100.0,600.0
12,398,198.0,8.0,16,52,60,5000.0,6.6,2024,210.0,17999.0,47999.0,1500.0,780.0
12,393,198.0,8.0,16,52,75,5200.0,6.6,2024,230.0,19499.0,52999.0,1600.0,830.0
12,74,190.0,6.0,8,52,98,5000.0,6.6,2024,160.0,13999.0,37999.0,1100.0,600.0
12,75,190.0,8.0,8,52,98,5000.0,6.6,2024,180.0,15999.0,42999.0,1200.0,660.0
12,67,189.0,4.0,8,52,212,5000.0,6.5,2024,130.0,11999.0,32999.0,900.0,500.0
12,72,195.0,6.0,8,52,99,5000.0,6.6,2024,170.0,14999.0,39999.0,1200.0,620.0
12,73,195.0,8.0,8,52,99,5000.0,6.6,2024,190.0,16999.0,44999.0,1300.0,680.0
12,69,192.0,6.0,8,52,121,5000.0,6.6,2024,160.0,13999.0,37999.0,1100.0,600.0
12,70,192.0,8.0,8,52,121,5000.0,6.6,2024,180.0,15999.0,42999.0,1200.0,660.0
12,68,191.0,6.0,8,52,98,5000.0,6.6,2024,150.0,13499.0,36999.0,1050.0,580.0
12,411,198.0,6.0,16,52,59,5200.0,6.6,2024,210.0,17999.0,47999.0,1500.0,780.0
12,409,196.0,6.0,16,52,75,5200.0,6.6,2024,220.0,18999.0,49999.0,1600.0,820.0
12,410,196.0,8.0,16,52,75,5200.0,6.6,2024,240.0,20999.0,54999.0,1700.0,880.0
12,408,195.0,6.0,16,52,103,5000.0,6.5,2024,170.0,15999.0,42999.0,1200.0,620.0
12,154,199.0,8.0,16,60,143,5200.0,6.8,2024,440.0,47999.0,124999.0,3200.0,1620.0
12,155,199.0,12.0,16,60,143,5200.0,6.8,2024,500.0,53999.0,139999.0,3600.0,1800.0
12,399,193.0,8.0,16,74,77,5000.0,6.7,2024,330.0,30999.0,79999.0,2400.0,1200.0
12,400,193.0,12.0,16,74,77,5000.0,6.7,2024,380.0,36999.0,94999.0,2800.0,1400.0
12,489,195.0,8.0,16,58,84,5100.0,6.7,2024,350.0,32999.0,84999.0,2500.0,1250.0
12,490,195.0,12.0,16,58,84,5100.0,6.7,2024,400.0,38999.0,99999.0,2900.0,1400.0
12,677,465.0,4.0,8,8,98,7200.0,10.5,2024,210.0,20999.0,59999.0,1400.0,770.0
12,676,465.0,6.0,8,8,98,7200.0,10.5,2024,230.0,22999.0,64999.0,1600.0,850.0
17,761,210.0,12.0,32,150,191,6100.0,6.73,2024,799.0,89999.0,199999.0,5299.0,3299.0
17,762,210.0,16.0,32,150,191,6100.0,6.73,2024,899.0,99999.0,219999.0,5799.0,3699.0
17,760,210.0,16.0,32,150,191,6100.0,6.73,2024,999.0,109999.0,239999.0,6499.0,4099.0
17,758,190.0,12.0,32,100,191,5400.0,6.36,2024,699.0,79999.0,179999.0,4299.0,2899.0
17,759,190.0,16.0,32,100,191,5400.0,6.36,2024,799.0,89999.0,199999.0,4799.0,3299.0
17,756,209.0,12.0,32,150,24,5000.0,6.67,2024,634.99,74999.0,169999.0,3999.0,2699.0
17,757,209.0,12.0,32,150,24,5000.0,6.67,2024,790.77,84999.0,189999.0,4299.0,2999.0
17,755,209.0,12.0,32,150,24,5000.0,6.67,2024,899.0,94999.0,209999.0,4799.0,3299.0
17,753,195.0,12.0,32,100,18,5000.0,6.67,2024,599.0,69999.0,149999.0,3499.0,2499.0
17,754,195.0,12.0,32,100,18,5000.0,6.67,2024,699.0,79999.0,169999.0,3799.0,2799.0
17,603,205.0,8.0,16,210,190,5110.0,6.67,2024,374.9,29999.0,89999.0,2499.0,1499.0
17,604,205.0,12.0,16,210,190,5110.0,6.67,2024,399.0,32999.0,99999.0,2799.0,1599.0
17,605,205.0,16.0,16,210,190,5110.0,6.67,2024,429.0,35999.0,109999.0,3099.0,1699.0
17,601,195.0,8.0,16,118,68,5500.0,6.67,2024,349.0,27999.0,79999.0,2199.0,1399.0
17,602,195.0,12.0,16,118,68,5500.0,6.67,2024,379.0,30999.0,89999.0,2499.0,1499.0
17,599,190.0,6.0,16,118,132,5000.0,6.67,2024,299.0,24999.0,69999.0,1999.0,1199.0
17,600,190.0,8.0,16,118,132,5000.0,6.67,2024,329.0,27999.0,79999.0,2299.0,1299.0
17,597,185.0,6.0,16,60,62,5000.0,6.67,2024,279.0,21999.0,59999.0,1799.0,1099.0
17,598,185.0,8.0,16,60,62,5000.0,6.67,2024,309.0,24999.0,69999.0,2099.0,1199.0
17,595,180.0,4.0,16,60,121,5000.0,6.67,2024,249.0,18999.0,49999.0,1599.0,999.0
17,596,180.0,6.0,16,60,121,5000.0,6.67,2024,279.0,21999.0,59999.0,1899.0,1099.0
17,594,195.0,4.0,8,52,60,5000.0,6.5,2024,199.0,14999.0,39999.0,1299.0,799.0
17,593,195.0,6.0,8,52,60,5000.0,6.5,2024,229.0,16999.0,44999.0,1499.0,899.0
6,96,168.0,8.0,32,50,177,5000.0,6.7,2024,499.0,29999.0,139999.0,2499.0,1899.0
6,97,168.0,12.0,32,50,177,5000.0,6.7,2024,549.0,34999.0,159999.0,2799.0,2099.0
6,102,186.0,8.0,50,50,178,4500.0,6.7,2024,549.0,34999.0,169999.0,2999.0,2099.0
6,103,186.0,12.0,50,50,178,4500.0,6.7,2024,599.0,39999.0,189999.0,3299.0,2299.0
6,428,180.0,6.0,25,48,33,3500.0,6.3,2024,299.0,19999.0,39999.0,1399.0,1099.0
6,429,180.0,8.0,25,48,33,3500.0,6.3,2024,349.0,22999.0,44999.0,1599.0,1299.0
6,98,170.0,6.0,32,64,173,5000.0,6.7,2024,399.0,27999.0,59999.0,2199.0,1499.0
6,99,170.0,8.0,32,64,173,5000.0,6.7,2024,449.0,29999.0,64999.0,2399.0,1699.0
6,384,205.0,8.0,16,50,161,5000.0,6.78,2024,320.0,34999.0,89999.0,2699.0,1175.0
6,385,205.0,8.0,16,50,161,5000.0,6.78,2024,370.0,39999.0,99999.0,2999.0,1350.0
6,390,190.0,8.0,32,64,76,4500.0,6.7,2024,300.0,29999.0,79999.0,2499.0,1100.0
6,391,190.0,12.0,32,64,76,4500.0,6.7,2024,350.0,34999.0,89999.0,2799.0,1275.0
6,100,171.0,8.0,32,50,66,4310.0,6.4,2024,400.0,39999.0,99999.0,2999.0,1500.0
6,101,171.0,12.0,32,50,66,4310.0,6.4,2024,450.0,44999.0,109999.0,3299.0,1675.0
6,380,182.0,8.0,16,50,61,5000.0,6.49,2024,270.0,26999.0,69999.0,2199.0,1000.0
6,381,182.0,8.0,16,50,61,5000.0,6.49,2024,320.0,29999.0,79999.0,2499.0,1175.0
6,375,188.0,4.0,16,50,216,5000.0,6.72,2024,200.0,18999.0,49999.0,1599.0,750.0
6,376,188.0,8.0,16,50,216,5000.0,6.72,2024,250.0,22999.0,59999.0,1899.0,925.0
6,378,183.0,6.0,16,50,176,5000.0,6.5,2024,250.0,22999.0,59999.0,1899.0,925.0
6,379,183.0,8.0,16,50,176,5000.0,6.5,2024,300.0,26999.0,69999.0,2199.0,1100.0
6,94,180.0,8.0,32,50,189,4700.0,6.7,2024,450.0,44999.0,109999.0,3299.0,1675.0
6,95,180.0,12.0,32,50,189,4700.0,6.7,2024,500.0,49999.0,119999.0,3599.0,1850.0
6,592,189.0,12.0,32,50,195,4000.0,6.7,2024,1199.0,99999.0,249999.0,7999.0,4399.0
6,591,188.0,8.0,32,50,177,3800.0,6.67,2024,999.0,79999.0,199999.0,5999.0,3699.0
6,388,173.0,8.0,32,50,176,5000.0,6.67,2024,320.0,29999.0,79999.0,2499.0,1175.0
6,389,173.0,12.0,32,50,176,5000.0,6.67,2024,370.0,34999.0,89999.0,2799.0,1350.0
6,650,170.0,8.0,32,50,65,4300.0,6.5,2024,300.0,26999.0,69999.0,2199.0,1100.0
6,651,170.0,12.0,32,50,65,4300.0,6.5,2024,350.0,29999.0,79999.0,2499.0,1275.0
6,359,180.0,4.0,8,13,210,5000.0,6.5,2024,150.0,11999.0,29999.0,999.0,550.0
6,358,180.0,4.0,8,13,210,5000.0,6.5,2024,180.0,13999.0,34999.0,1199.0,650.0
6,89,174.0,8.0,32,50,189,4700.0,6.7,2024,450.0,44999.0,109999.0,3299.0,1675.0
6,105,174.0,12.0,32,50,189,4700.0,6.7,2024,500.0,49999.0,119999.0,3599.0,1850.0
6,392,198.0,12.0,60,200,194,5000.0,6.9,2024,1499.0,119999.0,299999.0,8999.0,5499.0
6,370,195.0,6.0,16,50,160,5000.0,6.8,2024,300.0,26999.0,69999.0,2199.0,1100.0
6,371,195.0,8.0,16,50,160,5000.0,6.8,2024,350.0,29999.0,79999.0,2499.0,1275.0
6,104,198.0,12.0,60,200,194,5000.0,6.9,2024,1499.0,119999.0,299999.0,8999.0,5499.0
3,585,220.0,12.0,13,75,47,4900.0,6.8,2024,999.0,84999.0,169999.0,6988.0,3699.0
3,586,220.0,12.0,13,115,47,5050.0,6.8,2024,1099.0,99999.0,189999.0,7988.0,4199.0
3,587,220.0,12.0,13,115,47,5050.0,6.8,2024,1199.0,114999.0,209999.0,8988.0,4699.0
3,588,226.0,16.0,13,140,47,5200.0,6.8,2024,1299.0,129999.0,229999.0,9988.0,5199.0
3,345,220.0,12.0,13,62,47,4900.0,6.7,2024,899.0,89999.0,179999.0,5499.0,3399.0
3,346,220.0,12.0,13,102,47,5000.0,6.8,2024,999.0,104999.0,199999.0,6499.0,3899.0
3,347,220.0,12.0,13,102,47,5000.0,6.8,2024,1099.0,119999.0,219999.0,7499.0,4399.0
3,350,241.0,12.0,8,75,47,4800.0,7.93,2024,2499.0,249999.0,349999.0,12999.0,9999.0
3,420,168.0,8.0,60,58,46,4500.0,6.7,2024,499.0,44999.0,89999.0,2999.0,1899.0
3,421,188.0,8.0,68,58,46,4500.0,6.78,2024,599.0,54999.0,109999.0,3499.0,2199.0
3,351,245.0,12.0,13,110,47,5000.0,7.92,2024,2599.0,259999.0,359999.0,13499.0,10499.0
3,352,245.0,12.0,13,110,47,5000.0,7.92,2024,2799.0,274999.0,389999.0,14499.0,11099.0
3,422,170.0,8.0,50,58,46,4600.0,6.7,2024,529.0,47999.0,94999.0,3199.0,1999.0
3,423,170.0,8.0,50,58,46,4600.0,6.7,2024,599.0,54999.0,109999.0,3699.0,2299.0
3,424,190.0,8.0,68,58,46,4600.0,6.78,2024,649.0,59999.0,119999.0,3999.0,2399.0
3,425,190.0,8.0,68,58,46,4600.0,6.78,2024,729.0,67999.0,134999.0,4499.0,2699.0
14,769,190.0,12.0,12,48,194,5000.0,6.5,2024,1799.0,129999.0,469999.0,8499.0,6199.0
14,775,180.0,8.0,12,48,194,5000.0,6.1,2024,1199.0,99999.0,349999.0,6599.0,4399.0
14,772,167.0,6.0,8,48,177,5000.0,6.1,2024,699.0,59999.0,209999.0,3999.0,2199.0
3,354,508.0,12.0,16,22,46,10100.0,12.2,2024,999.0,49990.0,161500.0,4799.0,2199.0
3,355,580.0,12.0,16,22,46,10100.0,13.2,2024,877.0,58590.0,197000.0,5199.0,2199.0
1,560,194.0,8.0,15,64,39,4385.0,6.1,2024,549.0,49999.0,149999.0,4999.0,2399.0
1,561,195.0,8.0,18,50,40,4600.0,6.3,2024,799.0,74999.0,189999.0,6599.0,3199.0
1,562,216.0,12.0,18,50,40,5050.0,6.7,2024,1099.0,109999.0,259999.0,8799.0,4199.0
1,564,222.0,16.0,18,50,40,5250.0,6.8,2024,1299.0,129999.0,299999.0,9799.0,4999.0
1,563,250.0,16.0,18,50,40,5500.0,7.6,2024,1799.0,179999.0,399999.0,13999.0,6999.0
15,666,190.0,4.0,8,13,89,5000.0,6.6,2024,129.0,9999.0,27999.0,799.0,499.0
15,356,450.0,8.0,13,50,87,8000.0,11.0,2024,349.0,29999.0,69999.0,2499.0,1299.0
15,578,195.0,3.0,5,8,209,5000.0,6.52,2024,99.0,7499.0,22999.0,599.0,399.0
15,357,420.0,6.0,12,50,97,7500.0,10.9,2024,299.0,24999.0,59999.0,2299.0,1099.0
15,87,198.0,8.0,32,50,75,5200.0,6.8,2024,499.0,39999.0,89999.0,3199.0,1999.0
15,664,200.0,6.0,16,50,59,5000.0,6.6,2024,199.0,14999.0,39999.0,1199.0,749.0
15,661,195.0,6.0,16,50,58,5000.0,6.6,2024,229.0,16999.0,42999.0,1399.0,849.0
15,579,190.0,3.0,5,8,208,5000.0,6.52,2024,89.0,6999.0,21999.0,549.0,349.0
15,662,205.0,8.0,32,50,103,5200.0,6.8,2024,269.0,19999.0,54999.0,1799.0,999.0
15,660,192.0,4.0,16,50,98,5000.0,6.6,2024,179.0,12999.0,34999.0,1099.0,699.0
15,543,280.0,12.0,32,64,85,5500.0,7.85,2024,1799.0,169999.0,399999.0,12999.0,6999.0
15,542,195.0,8.0,32,50,74,4300.0,6.9,2024,999.0,79999.0,159999.0,5999.0,3999.0
15,583,225.0,8.0,16,50,75,6000.0,6.8,2024,349.0,29999.0,69999.0,2499.0,1299.0
15,663,190.0,4.0,16,50,98,5000.0,6.6,2024,149.0,11999.0,32999.0,999.0,599.0
15,665,195.0,3.0,5,8,209,5000.0,6.52,2024,99.0,7499.0,22999.0,599.0,399.0
15,88,202.0,12.0,50,108,84,5200.0,6.9,2024,1099.0,79999.0,159999.0,6999.0,4199.0
15,659,195.0,4.0,16,50,98,5000.0,6.6,2024,179.0,13999.0,37999.0,1199.0,699.0
15,656,210.0,8.0,32,50,75,5200.0,6.8,2024,329.0,24999.0,59999.0,2299.0,1199.0
15,582,230.0,8.0,16,50,103,6000.0,6.8,2024,299.0,22999.0,55999.0,1899.0,1099.0
15,85,210.0,12.0,50,108,84,5200.0,6.9,2024,1199.0,89999.0,179999.0,7499.0,4499.0
15,86,205.0,12.0,50,64,77,5200.0,6.8,2024,899.0,64999.0,129999.0,5499.0,3299.0
15,84,198.0,8.0,32,50,75,5000.0,6.7,2024,499.0,39999.0,89999.0,3199.0,1999.0
15,83,195.0,6.0,32,50,103,5000.0,6.7,2024,349.0,29999.0,69999.0,2499.0,1299.0
15,584,230.0,12.0,32,64,76,6000.0,6.9,2024,1099.0,79999.0,159999.0,6999.0,4199.0
15,657,210.0,8.0,32,50,103,5200.0,6.8,2024,269.0,19999.0,54999.0,1799.0,999.0
15,655,195.0,6.0,16,50,98,5000.0,6.6,2024,199.0,14999.0,39999.0,1199.0,749.0
15,654,192.0,4.0,16,50,98,5000.0,6.6,2024,179.0,12999.0,34999.0,1099.0,699.0
15,658,190.0,4.0,16,50,98,5000.0,6.6,2024,149.0,11999.0,32999.0,999.0,599.0
15,667,195.0,3.0,5,8,209,5000.0,6.52,2024,99.0,7499.0,22999.0,599.0,399.0
15,577,195.0,3.0,5,8,208,5000.0,6.52,2024,89.0,6999.0,21999.0,549.0,349.0
15,82,202.0,12.0,50,108,84,5200.0,6.9,2024,1099.0,79999.0,159999.0,6999.0,4199.0
15,81,202.0,12.0,50,108,75,5200.0,6.9,2024,899.0,59999.0,129999.0,4999.0,3499.0
15,80,200.0,8.0,32,50,103,5000.0,6.7,2024,449.0,34999.0,79999.0,2799.0,1799.0
15,77,205.0,12.0,50,108,77,5200.0,6.8,2024,1049.0,74999.0,149999.0,6499.0,3999.0
15,79,200.0,8.0,32,50,75,5000.0,6.7,2024,499.0,39999.0,89999.0,3199.0,1999.0
15,78,198.0,6.0,32,50,103,5000.0,6.7,2024,349.0,29999.0,69999.0,2499.0,1299.0
15,76,195.0,6.0,32,50,103,5000.0,6.7,2024,349.0,29999.0,69999.0,2499.0,1299.0
15,581,240.0,8.0,32,50,81,6000.0,6.9,2024,699.0,54999.0,119999.0,4499.0,2799.0
15,580,230.0,8.0,16,50,103,6000.0,6.8,2024,329.0,24999.0,59999.0,2299.0,1199.0
4,763,450.0,6.0,8,13,103,7000.0,10.1,2024,299.0,21999.0,54999.0,1999.0,1099.0
4,764,470.0,8.0,16,50,75,8000.0,10.4,2024,399.0,29999.0,79999.0,2499.0,1499.0
4,765,420.0,4.0,5,8,210,6000.0,9.7,2024,219.0,14999.0,39999.0,1399.0,799.0
4,766,480.0,12.0,32,50,84,9000.0,11.0,2024,549.0,39999.0,99999.0,3499.0,1999.0
4,272,192.0,6.0,8,50,98,5000.0,6.78,2024,219.0,14999.0,39999.0,1399.0,799.0
4,276,190.0,4.0,8,50,210,5000.0,6.6,2024,179.0,12499.0,32999.0,1199.0,699.0
4,273,195.0,8.0,16,50,75,5200.0,6.78,2024,289.0,18999.0,48999.0,1799.0,1049.0
4,274,194.0,8.0,16,50,103,5000.0,6.8,2024,269.0,17999.0,45999.0,1699.0,999.0
4,275,196.0,12.0,32,108,84,5300.0,6.9,2024,379.0,24999.0,64999.0,2499.0,1399.0
4,148,198.0,12.0,32,108,77,5500.0,6.9,2024,449.0,32999.0,89999.0,2999.0,1699.0
4,407,198.0,8.0,32,108,65,5200.0,6.8,2024,349.0,23999.0,64999.0,2299.0,1299.0
4,406,196.0,8.0,32,50,103,5000.0,6.78,2024,279.0,16999.0,42999.0,1799.0,999.0
4,402,195.0,8.0,32,108,76,5200.0,6.8,2024,319.0,19999.0,54999.0,1999.0,1099.0
4,404,195.0,12.0,32,108,82,5300.0,6.8,2024,399.0,27999.0,72999.0,2499.0,1499.0
4,405,196.0,12.0,32,108,84,5500.0,6.9,2024,449.0,32999.0,89999.0,2999.0,1699.0
4,805,195.0,12.0,50,108,77,5000.0,6.78,2024,349.0,24999.0,69999.0,2199.0,1299.0
4,806,195.0,12.0,50,108,77,5000.0,6.78,2024,379.0,27999.0,74999.0,2299.0,1399.0
4,809,190.0,8.0,32,108,135,4500.0,6.7,2024,399.0,32999.0,89999.0,2499.0,1499.0
4,401,190.0,8.0,32,108,103,5000.0,6.78,2024,279.0,17999.0,45999.0,1799.0,999.0
4,403,190.0,12.0,32,108,76,5000.0,6.78,2024,329.0,22999.0,59999.0,2199.0,1199.0
2,330,203.0,8.0,12,50,144,5200.0,6.81,2024,1099.0,89999.0,219999.0,5499.0,3999.0
2,331,219.0,12.0,12,50,144,5500.0,6.81,2024,1299.0,109999.0,269999.0,6999.0,4699.0
2,332,234.0,16.0,12,50,144,5550.0,6.81,2024,1499.0,129999.0,319999.0,8199.0,5499.0
2,318,231.0,12.0,16,50,143,5000.0,7.92,2024,1899.0,159999.0,389999.0,10999.0,6999.0
2,333,203.0,8.0,12,50,144,5200.0,6.81,2024,1099.0,89999.0,219999.0,5499.0,3999.0
2,334,219.0,12.0,12,50,144,5500.0,6.81,2024,1299.0,109999.0,269999.0,6999.0,4699.0
2,335,234.0,16.0,12,50,144,5550.0,6.81,2024,1499.0,129999.0,319999.0,8199.0,5499.0
2,319,231.0,12.0,16,50,143,5000.0,7.92,2024,1899.0,159999.0,389999.0,10999.0,6999.0
2,516,550.0,8.0,8,13,117,8300.0,12.1,2024,399.0,34999.0,84999.0,2299.0,1499.0
2,517,560.0,12.0,8,13,76,9000.0,12.6,2024,499.0,44999.0,109999.0,2999.0,1799.0
2,337,580.0,16.0,12,16,143,10500.0,13.2,2024,899.0,74999.0,179999.0,4499.0,3299.0
2,541,505.0,8.0,8,13,139,8000.0,11.6,2024,399.0,29999.0,79999.0,2199.0,1499.0
2,529,530.0,8.0,8,13,82,8500.0,12.1,2024,649.0,54999.0,129999.0,3599.0,2299.0
2,519,610.0,12.0,12,16,144,10500.0,13.5,2024,999.0,84999.0,199999.0,4999.0,3799.0
2,532,475.0,6.0,5,8,122,8850.0,12.1,2024,399.0,29999.0,74999.0,2299.0,1499.0
2,533,485.0,8.0,8,13,139,9000.0,12.6,2024,499.0,39999.0,94999.0,2999.0,1799.0
2,338,590.0,12.0,12,16,144,10500.0,13.0,2024,799.0,64999.0,149999.0,3999.0,2999.0
2,526,530.0,8.0,8,13,82,8500.0,12.1,2024,649.0,54999.0,129999.0,3599.0,2299.0
10,734,193.0,6.0,16,64,76,5000.0,6.67,2024,349.0,21999.0,59999.0,2299.0,1299.0
10,735,205.0,8.0,20,108,78,5000.0,6.67,2024,399.0,24999.0,69999.0,2599.0,1499.0
10,119,190.0,6.0,20,64,193,5000.0,6.67,2024,449.0,34999.0,89999.0,2999.0,1699.0
10,120,210.0,8.0,20,108,197,5160.0,6.67,2024,549.0,44999.0,109999.0,3499.0,1999.0
10,71,190.0,4.0,5,50,98,5000.0,6.5,2024,149.0,10999.0,24999.0,999.0,599.0
10,316,198.0,6.0,8,50,61,5110.0,6.67,2024,229.0,15999.0,39999.0,1599.0,899.0
11,510,571.0,8.0,8,8,189,10000.0,12.1,2024,280.0,23999.0,66220.0,2099.0,1029.0
11,511,571.0,8.0,8,8,189,10000.0,12.1,2024,300.0,25999.0,71220.0,2299.0,1099.0
13,244,239.0,12.0,14,50,194,4400.0,7.6,2024,1899.0,164999.0,604999.0,13999.0,7199.0
13,245,239.0,12.0,14,50,194,4400.0,7.6,2024,1719.0,176999.0,544999.0,15999.0,7699.0
13,243,239.0,12.0,14,50,194,4400.0,7.6,2024,2259.0,200999.0,600000.0,17999.0,8699.0
9,618,192.0,8.0,32,60,91,5800.0,6.67,2025,499.0,44999.0,79999.0,3499.0,1899.0
9,617,192.0,8.0,32,60,91,5800.0,6.67,2025,499.0,44999.0,79999.0,3499.0,1899.0
9,619,210.0,12.0,50,108,79,5800.0,6.83,2025,799.0,69999.0,129999.0,5999.0,2999.0
9,616,200.0,12.0,50,58,79,5600.0,6.59,2025,699.0,54999.0,99999.0,4999.0,2599.0
12,11,184.0,12.0,16,108,140,6000.0,6.83,2025,340.0,34999.0,94999.0,2600.0,1250.0
12,12,184.0,12.0,16,108,140,6000.0,6.83,2025,360.0,36999.0,99999.0,2800.0,1320.0
12,9,184.0,8.0,16,58,67,5800.0,6.7,2025,320.0,29999.0,79999.0,2400.0,1150.0
12,10,184.0,8.0,16,58,67,5800.0,6.7,2025,340.0,31999.0,84999.0,2500.0,1210.0
12,13,190.0,6.0,16,52,139,5500.0,6.6,2025,270.0,24999.0,64999.0,2000.0,970.0
12,14,190.0,8.0,16,52,139,5500.0,6.6,2025,290.0,26999.0,69999.0,2100.0,1030.0
10,740,195.0,6.0,16,64,77,5000.0,6.67,2025,329.0,22999.0,64999.0,2199.0,1199.0
10,741,207.0,8.0,20,108,80,6000.0,6.67,2025,399.0,27999.0,79999.0,2699.0,1499.0
