Company Name,Model Name,Mobile Weight(gm),RAM(GB),Front Camera(MP),Back Camera(MP),Processor,Battery Capacity(mAh),Screen Size(inches),Launched Year
16,733,146.0,2.0,5,13,162,2300.0,5.5,2014
16,725,153.0,1.0,5,13,109,2000.0,5.0,2014
13,170,189.0,6.0,16,24,168,4000.0,6.0,2016
13,168,143.0,4.0,8,16,163,2600.0,5.2,2016
13,222,490.0,1.5,2,5,207,5000.0,10.1,2016
13,223,360.0,1.5,2,5,113,5000.0,8.0,2016
16,698,168.0,4.0,8,13,167,3000.0,5.5,2016
0,897,174.0,3.0,7,24,0,2716.0,5.8,2017
0,896,174.0,3.0,7,24,0,2716.0,5.8,2017
13,179,181.0,3.0,13,13,31,3600.0,5.5,2017
13,169,165.0,4.0,16,16,164,3300.0,5.7,2017
8,446,162.0,6.0,16,36,198,3300.0,6.01,2017
8,445,155.0,8.0,16,36,198,3300.0,5.5,2017
16,746,199.0,6.0,28,16,168,4000.0,5.88,2017
16,702,158.0,4.0,28,16,164,3055.0,5.5,2017
16,792,155.0,3.0,16,13,153,3000.0,5.5,2017
0,903,177.0,4.0,7,24,1,2658.0,5.8,2018
0,901,177.0,4.0,7,24,1,2658.0,5.8,2018
0,902,177.0,4.0,7,24,1,2658.0,5.8,2018
0,906,208.0,4.0,7,24,1,3174.0,6.5,2018
0,904,208.0,4.0,7,24,1,3174.0,6.5,2018
0,905,208.0,4.0,7,24,1,3174.0,6.5,2018
0,900,194.0,3.0,7,24,1,2942.0,6.1,2018
0,898,194.0,3.0,7,24,1,2942.0,6.1,2018
0,899,194.0,3.0,7,24,1,2942.0,6.1,2018
13,180,191.0,4.0,16,21,155,3500.0,6.0,2018
13,178,178.0,4.0,8,18,152,3300.0,6.0,2018
13,177,175.0,2.0,5,13,30,3000.0,5.5,2018
8,448,185.0,10.0,16,36,199,3700.0,6.41,2018
8,447,177.0,6.0,16,36,199,3300.0,6.28,2018
16,799,162.0,6.0,12,16,180,3315.0,6.3,2018
16,703,150.0,4.0,24,16,165,3260.0,6.3,2018
16,795,146.0,3.0,5,13,104,3260.0,6.22,2018
16,796,163.0,4.0,20,15,154,4030.0,6.22,2018
16,713,156.0,6.0,12,12,118,3200.0,6.28,2018
16,714,156.0,4.0,12,12,118,3200.0,6.28,2018
5,800,210.0,6.0,16,16,180,3350.0,6.39,2018
0,829,194.0,4.0,12,24,3,3110.0,6.1,2019
0,827,194.0,4.0,12,24,3,3110.0,6.1,2019
0,828,194.0,4.0,12,24,3,3110.0,6.1,2019
0,832,188.0,4.0,16,36,3,3046.0,5.8,2019
0,830,188.0,4.0,16,36,3,3046.0,5.8,2019
0,831,188.0,4.0,16,36,3,3046.0,5.8,2019
0,835,226.0,4.0,16,36,3,3969.0,6.5,2019
0,833,226.0,4.0,16,36,3,3969.0,6.5,2019
0,834,226.0,4.0,16,36,3,3969.0,6.5,2019
0,815,300.5,3.0,7,8,1,5124.0,7.9,2019
0,814,300.5,3.0,7,8,1,5124.0,7.9,2019
13,191,196.0,12.0,10,28,35,4300.0,6.8,2019
13,192,196.0,12.0,10,28,35,4300.0,6.8,2019
13,190,168.0,8.0,10,28,35,3500.0,6.3,2019
13,189,168.0,8.0,10,28,35,3500.0,6.3,2019
8,449,206.0,12.0,16,56,200,4000.0,6.67,2019
8,451,206.0,12.0,16,56,200,4085.0,6.67,2019
16,682,201.0,8.0,32,48,120,4100.0,6.44,2019
16,683,201.0,8.0,32,48,120,4100.0,6.44,2019
16,647,185.0,6.0,32,48,107,4500.0,6.38,2019
16,648,185.0,6.0,32,48,107,4500.0,6.38,2019
16,779,190.0,3.0,8,13,114,5000.0,6.35,2019
16,780,190.0,3.0,8,13,114,5000.0,6.35,2019
16,678,190.0,6.0,32,48,108,4000.0,6.53,2019
16,679,190.0,6.0,32,48,108,4000.0,6.53,2019
16,715,190.0,8.0,32,48,130,4000.0,6.39,2019
16,716,190.0,8.0,32,48,130,4000.0,6.39,2019
16,798,159.0,4.0,16,16,131,4500.0,6.53,2019
16,797,159.0,6.0,16,16,131,4500.0,6.53,2019
16,680,185.0,6.0,32,48,120,3700.0,6.39,2019
16,681,185.0,6.0,32,48,120,3700.0,6.39,2019
16,722,199.0,8.0,32,64,146,4200.0,6.44,2019
16,723,199.0,8.0,32,64,146,4200.0,6.44,2019
9,620,181.0,8.0,32,76,10,4025.0,6.4,2019
9,621,181.0,12.0,32,76,10,4025.0,6.4,2019
9,622,171.0,12.0,32,71,185,4025.0,6.5,2019
5,281,172.0,4.0,16,13,166,4050.0,6.22,2019
5,57,172.0,3.0,5,13,41,4000.0,6.09,2019
5,280,164.0,4.0,16,16,180,4050.0,6.3,2019
5,279,164.0,6.0,16,16,180,4050.0,6.3,2019
5,801,185.0,6.0,32,48,200,4000.0,6.39,2019
5,802,185.0,8.0,32,48,200,4000.0,6.39,2019
1,544,147.0,4.0,8,14,170,3000.0,5.6,2019
1,545,167.0,4.0,8,14,170,3700.0,6.0,2019
1,546,162.0,6.0,8,14,200,2800.0,5.7,2019
1,547,193.0,6.0,8,14,200,3700.0,6.3,2019
0,847,135.0,4.0,12,12,4,2227.0,5.4,2020
0,845,135.0,4.0,12,12,4,2227.0,5.4,2020
0,846,135.0,4.0,12,12,4,2227.0,5.4,2020
0,838,164.0,4.0,12,24,4,2815.0,6.1,2020
0,836,164.0,4.0,12,24,4,2815.0,6.1,2020
0,837,164.0,4.0,12,24,4,2815.0,6.1,2020
0,839,189.0,6.0,16,36,4,2815.0,6.1,2020
0,840,189.0,6.0,16,36,4,2815.0,6.1,2020
0,841,189.0,6.0,16,36,4,2815.0,6.1,2020
0,842,228.0,6.0,16,36,4,3687.0,6.7,2020
0,843,228.0,6.0,16,36,4,3687.0,6.7,2020
0,844,228.0,6.0,16,36,4,3687.0,6.7,2020
0,813,458.0,4.0,12,12,4,7608.0,10.9,2020
0,812,458.0,4.0,12,12,4,7608.0,10.9,2020
0,811,490.0,3.0,12,8,3,8612.0,10.2,2020
0,810,490.0,3.0,12,8,3,8612.0,10.2,2020
0,816,468.0,4.0,7,22,2,7812.0,11.0,2020
0,817,468.0,4.0,7,22,2,7812.0,11.0,2020
0,818,468.0,6.0,7,22,2,7812.0,11.0,2020
0,819,682.0,6.0,7,22,2,9720.0,12.9,2020
0,820,682.0,6.0,7,22,2,9720.0,12.9,2020
0,821,682.0,6.0,7,22,2,9720.0,12.9,2020
0,822,708.0,6.0,7,22,2,10307.0,13.0,2020
0,824,708.0,6.0,7,22,2,10307.0,13.0,2020
0,826,708.0,6.0,7,22,2,10307.0,13.0,2020
0,823,708.0,6.0,7,22,2,10307.0,13.0,2020
0,825,708.0,6.0,7,22,2,10307.0,13.0,2020
13,195,208.0,12.0,10,120,36,4500.0,6.9,2020
13,196,208.0,12.0,10,120,36,4500.0,6.9,2020
13,193,192.0,8.0,10,120,36,4300.0,6.7,2020
13,194,192.0,8.0,10,120,36,4300.0,6.7,2020
13,233,172.0,4.0,5,16,32,3000.0,5.3,2020
13,231,229.0,12.0,10,120,204,4500.0,7.6,2020
13,219,426.0,4.0,5,13,34,5050.0,8.0,2020
8,475,185.0,4.0,8,15,115,5000.0,6.52,2020
8,457,188.0,12.0,16,64,202,4500.0,6.55,2020
8,456,188.0,12.0,16,64,202,4500.0,6.55,2020
8,453,199.0,12.0,16,96,202,4510.0,6.78,2020
8,452,180.0,8.0,16,64,202,4300.0,6.55,2020
8,463,184.0,6.0,16,53,185,4115.0,6.44,2020
8,474,185.0,4.0,8,15,115,5000.0,6.52,2020
8,473,190.0,6.0,16,72,123,4300.0,6.49,2020
8,455,192.0,8.0,16,53,202,4300.0,6.55,2020
8,450,190.0,6.0,16,53,200,3700.0,6.41,2020
8,478,190.0,8.0,32,72,185,4000.0,6.44,2020
8,454,199.0,12.0,16,56,202,4510.0,6.78,2020
8,458,188.0,12.0,16,64,202,4500.0,6.55,2020
16,684,176.0,8.0,32,48,131,4500.0,6.44,2020
16,685,176.0,8.0,32,48,131,4500.0,6.44,2020
16,782,191.0,3.0,8,13,106,5000.0,6.51,2020
16,781,191.0,4.0,8,13,106,5000.0,6.51,2020
16,786,193.0,4.0,8,13,106,5000.0,6.47,2020
16,787,193.0,3.0,8,13,106,5000.0,6.47,2020
16,686,173.0,8.0,44,64,133,4000.0,6.44,2020
16,687,173.0,8.0,44,64,133,4000.0,6.44,2020
9,626,180.0,8.0,32,76,185,4300.0,6.43,2020
9,627,180.0,12.0,32,76,185,4300.0,6.43,2020
9,628,173.0,8.0,32,76,9,4350.0,6.55,2020
9,629,173.0,12.0,32,76,9,4350.0,6.55,2020
9,630,184.0,12.0,32,81,202,4500.0,6.55,2020
9,623,183.0,8.0,32,60,185,4000.0,6.43,2020
9,624,183.0,8.0,32,60,185,4000.0,6.43,2020
9,625,172.0,12.0,32,73,185,4000.0,6.55,2020
9,49,175.0,4.0,8,20,64,4040.0,6.5,2020
9,48,184.0,4.0,8,24,64,4000.0,6.5,2020
9,47,186.0,4.0,8,17,60,4000.0,6.5,2020
9,46,185.0,4.0,8,15,60,4000.0,6.5,2020
9,43,185.0,4.0,8,15,60,4000.0,6.5,2020
9,297,194.0,6.0,16,60,64,5000.0,6.5,2020
9,295,180.0,8.0,32,60,133,4025.0,6.4,2020
9,296,180.0,8.0,32,60,133,4025.0,6.4,2020
9,297,194.0,6.0,16,60,64,5000.0,6.5,2020
9,295,180.0,8.0,32,60,133,4025.0,6.4,2020
1,548,143.0,6.0,8,14,182,3140.0,5.8,2020
1,549,168.0,6.0,8,14,185,3885.0,6.2,2020
1,550,151.0,8.0,8,14,185,4080.0,6.0,2020
4,247,195.0,3.0,8,13,90,5000.0,6.6,2020
4,653,195.0,2.0,5,8,88,5000.0,6.1,2020
4,413,210.0,6.0,8,48,97,5200.0,6.78,2020
4,247,195.0,3.0,8,13,90,5000.0,6.6,2020
4,412,210.0,6.0,16,64,97,5200.0,6.95,2020
4,808,210.0,8.0,16,48,100,4500.0,6.85,2020
4,246,204.0,4.0,8,16,96,5200.0,6.78,2020
4,807,205.0,8.0,48,64,100,4500.0,6.85,2020
4,652,195.0,3.0,8,13,88,5000.0,6.6,2020
2,34,175.0,4.0,8,48,43,3750.0,6.5,2020
2,15,185.0,8.0,32,40,48,4000.0,6.53,2020
2,16,190.0,8.0,32,50,49,4000.0,6.57,2020
2,17,192.0,12.0,32,50,49,4000.0,6.57,2020
2,18,190.0,6.0,16,64,44,4000.0,6.5,2020
2,704,203.0,6.0,16,40,44,4300.0,6.63,2020
2,705,227.0,8.0,8,48,69,5000.0,7.09,2020
2,565,213.0,6.0,16,64,69,4300.0,6.81,2020
2,566,213.0,8.0,32,40,49,4200.0,6.57,2020
2,0,206.0,4.0,8,48,42,5000.0,6.67,2020
2,512,460.0,4.0,2,5,119,5100.0,10.1,2020
2,534,460.0,3.0,2,5,111,5100.0,9.7,2020
10,106,219.0,6.0,20,64,202,4700.0,6.67,2020
10,307,209.0,4.0,16,48,181,5000.0,6.67,2020
10,718,215.0,6.0,20,64,183,5160.0,6.67,2020
10,308,198.0,4.0,8,48,169,6000.0,6.53,2020
0,857,140.0,4.0,12,12,5,2438.0,5.4,2021
0,858,140.0,4.0,12,12,5,2438.0,5.4,2021
0,859,140.0,4.0,12,12,5,2438.0,5.4,2021
0,848,174.0,4.0,12,24,5,3240.0,6.1,2021
0,849,174.0,4.0,12,24,5,3240.0,6.1,2021
0,850,174.0,4.0,12,24,5,3240.0,6.1,2021
0,851,204.0,6.0,16,36,5,3095.0,6.1,2021
0,852,204.0,6.0,16,36,5,3095.0,6.1,2021
0,853,204.0,6.0,16,36,5,3095.0,6.1,2021
0,854,238.0,6.0,16,36,5,4352.0,6.7,2021
0,855,238.0,6.0,16,36,5,4352.0,6.7,2021
0,856,238.0,6.0,16,36,5,4352.0,6.7,2021
13,232,228.0,12.0,10,120,204,4500.0,7.6,2021
13,215,366.0,3.0,2,8,105,5100.0,8.7,2021
8,460,192.0,12.0,16,98,204,4500.0,6.7,2021
8,459,183.0,8.0,16,98,204,4500.0,6.55,2021
8,464,190.0,8.0,32,58,55,4500.0,6.43,2021
8,476,189.0,4.0,16,15,157,5000.0,6.49,2021
8,462,192.0,8.0,16,98,204,4500.0,6.55,2021
8,461,189.0,8.0,16,53,203,4500.0,6.55,2021
8,472,170.0,6.0,16,72,184,4500.0,6.43,2021
8,465,189.0,8.0,32,58,55,4500.0,6.43,2021
16,690,172.0,8.0,50,64,102,4050.0,6.44,2021
16,691,172.0,8.0,50,64,102,4050.0,6.44,2021
16,788,182.0,8.0,16,50,97,5000.0,6.58,2021
16,789,182.0,4.0,16,50,97,5000.0,6.58,2021
16,737,190.0,12.0,32,48,147,4200.0,6.56,2021
16,738,190.0,12.0,32,48,147,4200.0,6.56,2021
16,793,179.0,8.0,16,50,60,5000.0,6.58,2021
16,794,179.0,8.0,16,50,60,5000.0,6.58,2021
16,790,190.0,6.0,16,64,97,5000.0,6.58,2021
16,791,190.0,6.0,16,64,97,5000.0,6.58,2021
16,742,185.0,8.0,32,50,54,4450.0,6.56,2021
16,743,185.0,8.0,32,50,54,4450.0,6.56,2021
16,784,182.0,4.0,8,13,106,5000.0,6.51,2021
16,785,182.0,4.0,8,13,106,5000.0,6.51,2021
9,636,173.0,8.0,32,74,20,4500.0,6.4,2021
9,637,173.0,12.0,32,74,20,4500.0,6.4,2021
9,638,180.0,12.0,32,60,12,4500.0,6.55,2021
9,631,182.0,8.0,32,74,20,4300.0,6.43,2021
9,632,182.0,12.0,32,74,20,4300.0,6.43,2021
9,633,177.0,8.0,32,76,12,4500.0,6.55,2021
9,634,177.0,12.0,32,76,12,4500.0,6.55,2021
9,635,188.0,12.0,32,81,203,4500.0,6.55,2021
9,52,189.0,6.0,8,15,60,5000.0,6.5,2021
9,51,186.0,6.0,8,17,60,5000.0,6.5,2021
9,50,190.0,6.0,16,60,116,5000.0,6.5,2021
9,302,194.0,6.0,16,68,75,5000.0,6.5,2021
9,303,194.0,8.0,16,68,75,5000.0,6.5,2021
9,300,180.0,8.0,16,74,54,4500.0,6.43,2021
9,301,180.0,12.0,16,74,54,4500.0,6.43,2021
9,298,172.0,8.0,32,74,134,4300.0,6.43,2021
9,299,172.0,8.0,32,74,134,4300.0,6.43,2021
9,302,194.0,6.0,16,68,75,5000.0,6.5,2021
9,303,194.0,8.0,16,68,75,5000.0,6.5,2021
9,300,180.0,8.0,16,74,54,4500.0,6.43,2021
9,301,180.0,12.0,16,74,54,4500.0,6.43,2021
9,298,172.0,8.0,32,74,134,4300.0,6.43,2021
9,299,172.0,8.0,32,74,134,4300.0,6.43,2021
12,513,440.0,4.0,8,8,97,7100.0,10.4,2021
12,499,440.0,6.0,8,8,97,7100.0,10.4,2021
5,292,200.0,6.0,16,64,169,5000.0,6.8,2021
5,290,190.0,2.0,5,13,209,5000.0,6.52,2021
5,291,200.0,4.0,8,48,156,5000.0,6.5,2021
3,492,181.0,8.0,13,50,205,4100.0,6.5,2021
3,494,195.0,8.0,13,50,205,4360.0,6.6,2021
3,493,190.0,8.0,17,40,205,4000.0,6.5,2021
3,339,188.0,8.0,13,64,50,4200.0,6.5,2021
3,348,295.0,8.0,16,50,45,4500.0,6.5,2021
3,426,175.0,8.0,32,50,187,4300.0,6.57,2021
3,427,186.0,8.0,32,50,187,4000.0,6.72,2021
7,140,197.0,4.0,8,48,86,5050.0,6.52,2021
7,139,197.0,4.0,8,48,86,5050.0,6.52,2021
1,551,183.0,6.0,8,14,185,4680.0,6.34,2021
1,552,207.0,8.0,8,50,37,4614.0,6.4,2021
1,553,210.0,12.0,12,50,37,5003.0,6.71,2021
4,251,205.0,4.0,8,48,96,5000.0,6.82,2021
4,249,211.0,6.0,8,48,98,6000.0,6.82,2021
4,250,211.0,6.0,8,48,98,6000.0,6.82,2021
4,248,207.0,4.0,8,13,92,6000.0,6.82,2021
4,252,201.0,4.0,8,13,96,5200.0,6.6,2021
4,253,209.0,4.0,8,13,93,6000.0,6.82,2021
4,254,205.0,6.0,8,50,99,5000.0,6.78,2021
2,700,189.0,8.0,16,50,51,4000.0,6.72,2021
2,19,175.0,8.0,32,108,135,4300.0,6.57,2021
2,20,187.0,8.0,32,108,135,4000.0,6.72,2021
2,21,191.0,8.0,16,108,81,4000.0,6.78,2021
2,706,192.0,6.0,16,64,81,4300.0,6.67,2021
2,707,179.0,6.0,16,64,60,4000.0,6.6,2021
2,567,179.0,8.0,16,64,72,3800.0,6.53,2021
2,568,191.0,6.0,8,13,211,5000.0,6.5,2021
2,321,202.0,8.0,13,50,148,4600.0,6.76,2021
2,322,213.0,8.0,13,50,149,4600.0,6.76,2021
2,323,236.0,12.0,13,50,149,4600.0,6.76,2021
2,22,179.0,8.0,32,108,135,4800.0,6.67,2021
2,23,192.0,8.0,50,108,136,4800.0,6.78,2021
2,24,191.0,8.0,16,64,81,4300.0,6.67,2021
2,720,189.0,6.0,16,48,124,4800.0,6.81,2021
2,724,175.0,6.0,16,48,75,4000.0,6.7,2021
2,721,228.0,8.0,8,64,81,5000.0,7.09,2021
2,514,460.0,4.0,2,5,97,5100.0,10.1,2021
2,674,480.0,6.0,8,13,69,7250.0,10.4,2021
2,675,485.0,8.0,8,13,57,7250.0,11.0,2021
10,113,196.0,6.0,20,48,203,4520.0,6.67,2021
10,719,215.0,6.0,20,48,201,5160.0,6.67,2021
10,309,190.0,4.0,8,48,60,5000.0,6.5,2021
10,114,205.0,6.0,16,64,54,5065.0,6.67,2021
10,717,193.0,6.0,16,64,53,5000.0,6.6,2021
10,311,195.0,4.0,16,50,75,5000.0,6.6,2021
0,860,172.0,6.0,12,24,5,3200.0,6.1,2022
0,861,172.0,6.0,12,24,5,3200.0,6.1,2022
0,862,172.0,6.0,12,24,5,3200.0,6.1,2022
0,863,203.0,6.0,12,24,5,4325.0,6.7,2022
0,864,203.0,6.0,12,24,5,4325.0,6.7,2022
0,865,203.0,6.0,12,24,5,4325.0,6.7,2022
0,866,206.0,6.0,16,60,6,4200.0,6.1,2022
0,867,206.0,8.0,16,60,6,4200.0,6.1,2022
0,868,206.0,8.0,16,60,6,4200.0,6.1,2022
0,869,221.0,6.0,16,60,6,4500.0,6.7,2022
0,870,221.0,8.0,16,60,6,4500.0,6.7,2022
0,871,221.0,8.0,16,60,6,4500.0,6.7,2022
13,199,228.0,12.0,10,120,28,5000.0,6.8,2022
13,200,228.0,12.0,10,120,28,5000.0,6.8,2022
13,201,195.0,8.0,10,62,28,4500.0,6.6,2022
13,202,195.0,8.0,10,62,28,4500.0,6.6,2022
13,197,167.0,8.0,10,62,28,3800.0,6.1,2022
13,198,167.0,8.0,10,62,28,3800.0,6.1,2022
13,239,263.0,12.0,10,62,192,4400.0,7.6,2022
13,240,263.0,12.0,10,62,192,4400.0,7.6,2022
13,235,187.0,8.0,10,24,192,3700.0,6.7,2022
13,236,187.0,8.0,10,24,192,3700.0,6.7,2022
13,159,188.0,4.0,5,52,32,5000.0,6.5,2022
13,158,188.0,4.0,5,52,32,5000.0,6.5,2022
13,182,188.0,4.0,5,15,106,5000.0,6.5,2022
13,181,188.0,4.0,5,15,106,5000.0,6.5,2022
13,234,235.0,6.0,13,50,27,4050.0,6.6,2022
13,225,726.0,12.0,24,19,192,11200.0,14.6,2022
13,226,567.0,8.0,12,19,192,10090.0,12.4,2022
13,224,503.0,8.0,12,19,192,8000.0,11.0,2022
13,216,508.0,4.0,5,8,214,7040.0,10.5,2022
13,220,674.0,6.0,8,13,186,7600.0,10.1,2022
8,430,200.0,12.0,32,98,192,5000.0,6.7,2022
8,432,203.0,12.0,16,58,195,4500.0,6.7,2022
8,466,190.0,8.0,32,58,56,4500.0,6.43,2022
8,433,203.0,12.0,16,58,195,4500.0,6.7,2022
8,469,195.0,6.0,16,66,81,5000.0,6.59,2022
8,468,173.0,8.0,16,72,54,4500.0,6.43,2022
8,431,205.0,8.0,16,66,76,4500.0,6.7,2022
16,668,181.0,6.0,16,50,124,5000.0,6.58,2022
16,669,181.0,8.0,16,50,124,5000.0,6.58,2022
16,692,190.0,8.0,32,64,56,4830.0,6.56,2022
16,693,190.0,8.0,32,64,56,4830.0,6.56,2022
16,747,221.0,12.0,32,50,84,4870.0,6.78,2022
16,748,221.0,12.0,32,50,84,4870.0,6.78,2022
16,688,179.0,8.0,50,64,83,4200.0,6.44,2022
16,689,179.0,8.0,50,64,83,4200.0,6.44,2022
16,744,206.0,12.0,32,50,82,4700.0,6.78,2022
16,745,206.0,12.0,32,50,82,4700.0,6.78,2022
16,499,498.0,6.0,8,13,203,8040.0,11.0,2022
9,127,218.0,12.0,32,113,192,5000.0,6.7,2022
9,128,218.0,16.0,32,113,192,5000.0,6.7,2022
9,126,196.0,8.0,32,113,204,4800.0,6.55,2022
9,121,233.0,12.0,32,130,195,4520.0,7.1,2022
9,643,174.0,8.0,32,66,186,4500.0,6.7,2022
9,644,174.0,12.0,32,66,186,4500.0,6.7,2022
9,645,184.0,16.0,32,58,17,4500.0,6.7,2022
9,646,192.0,16.0,32,60,195,4700.0,6.7,2022
9,639,179.0,8.0,32,60,13,4500.0,6.4,2022
9,640,179.0,12.0,32,60,13,4500.0,6.4,2022
9,641,183.0,12.0,32,60,17,4500.0,6.7,2022
9,642,195.0,12.0,32,60,17,4500.0,6.7,2022
9,54,188.0,8.0,8,52,60,5000.0,6.56,2022
9,53,186.0,6.0,8,15,75,5000.0,6.56,2022
9,282,195.0,6.0,16,68,124,5000.0,6.59,2022
9,283,195.0,8.0,16,68,124,5000.0,6.59,2022
9,277,205.0,8.0,16,74,71,5000.0,6.59,2022
9,282,195.0,6.0,16,68,124,5000.0,6.59,2022
9,283,195.0,8.0,16,68,124,5000.0,6.59,2022
9,277,205.0,8.0,16,74,71,5000.0,6.59,2022
9,278,205.0,12.0,16,74,71,5000.0,6.59,2022
12,531,499.0,4.0,8,13,124,8340.0,11.0,2022
12,530,499.0,6.0,8,13,124,8340.0,11.0,2022
12,520,372.0,3.0,5,8,213,6400.0,8.7,2022
12,521,372.0,4.0,5,8,213,6400.0,8.7,2022
12,525,440.0,4.0,8,8,97,7100.0,10.4,2022
12,524,440.0,6.0,8,8,97,7100.0,10.4,2022
5,304,209.0,8.0,16,50,195,5100.0,6.67,2022
5,305,209.0,12.0,16,50,195,5100.0,6.67,2022
5,306,209.0,16.0,16,50,195,5100.0,6.67,2022
5,294,198.0,4.0,8,48,215,5000.0,6.5,2022
5,293,198.0,6.0,8,48,215,5000.0,6.5,2022
6,368,206.0,4.0,16,50,169,5000.0,6.6,2022
6,367,206.0,6.0,16,50,169,5000.0,6.6,2022
6,365,203.0,3.0,5,13,92,5000.0,6.5,2022
6,366,203.0,4.0,5,13,92,5000.0,6.5,2022
6,90,168.0,8.0,32,50,206,4400.0,6.55,2022
6,91,168.0,12.0,32,50,206,4400.0,6.55,2022
6,92,155.0,6.0,32,64,174,4020.0,6.28,2022
6,93,155.0,8.0,32,64,174,4020.0,6.28,2022
6,386,173.0,6.0,16,50,174,5000.0,6.6,2022
6,387,173.0,8.0,16,50,174,5000.0,6.6,2022
6,382,184.0,4.0,16,50,159,5000.0,6.5,2022
6,383,184.0,6.0,16,50,159,5000.0,6.5,2022
6,377,175.0,4.0,16,50,171,5000.0,6.4,2022
6,374,184.0,4.0,16,50,171,5000.0,6.5,2022
6,362,185.0,3.0,8,16,95,5000.0,6.5,2022
6,361,169.0,2.0,5,16,95,4020.0,6.5,2022
6,360,169.0,4.0,5,16,95,4020.0,6.5,2022
6,373,185.0,4.0,16,50,95,5000.0,6.5,2022
3,495,181.0,8.0,13,50,187,4100.0,6.5,2022
3,353,255.0,8.0,17,50,205,4600.0,6.5,2022
3,340,202.0,8.0,13,50,196,4460.0,6.7,2022
3,341,205.0,8.0,13,50,196,4700.0,6.74,2022
3,414,168.0,8.0,60,50,187,4000.0,6.67,2022
3,415,191.0,8.0,60,50,187,4500.0,6.78,2022
3,416,184.0,8.0,16,108,171,4500.0,6.67,2022
7,142,190.0,4.0,8,50,210,5050.0,6.5,2022
7,141,190.0,6.0,8,50,210,5050.0,6.5,2022
7,143,198.0,6.0,16,48,157,5000.0,6.58,2022
14,767,185.0,12.0,12,12,192,5000.0,6.5,2022
14,773,172.0,8.0,12,12,192,5000.0,6.1,2022
14,770,161.0,6.0,8,12,173,5000.0,6.0,2022
7,672,466.0,4.0,8,8,212,8200.0,10.4,2022
1,554,178.0,6.0,8,14,37,4410.0,6.1,2022
1,555,197.0,8.0,18,50,38,4355.0,6.3,2022
1,556,212.0,12.0,18,50,38,5000.0,6.7,2022
4,255,195.0,6.0,8,13,98,5000.0,6.82,2022
4,256,209.0,4.0,8,13,211,6000.0,6.82,2022
4,257,191.0,8.0,8,50,213,5000.0,6.6,2022
4,258,190.0,4.0,8,13,89,5000.0,6.6,2022
4,259,198.0,6.0,8,50,98,5000.0,6.82,2022
4,261,209.0,4.0,8,13,95,6000.0,6.82,2022
4,263,202.0,8.0,8,50,102,5000.0,6.78,2022
4,260,204.0,6.0,8,50,75,5000.0,6.6,2022
4,262,195.0,4.0,8,13,92,5000.0,6.6,2022
2,569,190.0,6.0,5,13,110,5000.0,6.52,2022
2,570,198.0,6.0,5,13,60,5000.0,6.74,2022
2,324,199.0,8.0,12,50,142,4800.0,6.81,2022
2,325,215.0,8.0,12,50,142,4600.0,6.81,2022
2,326,242.0,12.0,12,50,142,4600.0,6.81,2022
2,317,288.0,12.0,42,50,142,4750.0,7.9,2022
2,25,178.0,8.0,32,54,136,4800.0,6.67,2022
2,26,192.0,8.0,50,54,70,4500.0,6.78,2022
2,27,209.0,12.0,50,54,82,4500.0,6.78,2022
2,727,172.0,6.0,8,50,124,5100.0,6.67,2022
2,728,175.0,6.0,8,50,60,4000.0,6.7,2022
2,28,180.0,8.0,32,160,137,4800.0,6.67,2022
2,29,193.0,12.0,50,160,145,4800.0,6.78,2022
2,30,175.0,8.0,32,64,81,4600.0,6.67,2022
2,515,520.0,6.0,5,5,121,7250.0,12.0,2022
2,535,460.0,4.0,2,5,97,5100.0,10.1,2022
2,536,450.0,3.0,2,5,112,5000.0,9.7,2022
10,115,195.0,6.0,20,64,203,4500.0,6.67,2022
10,116,210.0,8.0,20,64,192,4700.0,6.67,2022
10,726,205.0,6.0,16,108,173,5000.0,6.67,2022
10,310,179.0,6.0,16,64,102,5000.0,6.43,2022
10,312,201.0,4.0,5,50,103,5000.0,6.58,2022
10,313,178.8,4.0,13,64,101,5000.0,6.43,2022
0,872,171.0,6.0,12,48,6,3200.0,6.1,2023
0,873,171.0,6.0,12,48,6,3200.0,6.1,2023
0,874,171.0,6.0,12,48,6,3200.0,6.1,2023
0,875,203.0,6.0,12,48,6,4300.0,6.7,2023
0,876,203.0,6.0,12,48,6,4300.0,6.7,2023
0,877,203.0,6.0,12,48,6,4300.0,6.7,2023
0,878,206.0,6.0,16,60,6,4400.0,6.1,2023
0,879,206.0,8.0,16,60,6,4400.0,6.1,2023
0,880,206.0,8.0,16,60,6,4400.0,6.1,2023
0,881,221.0,6.0,16,60,6,4500.0,6.7,2023
0,882,221.0,8.0,16,60,6,4500.0,6.7,2023
0,883,221.0,8.0,16,60,6,4500.0,6.7,2023
13,205,228.0,12.0,12,212,193,5000.0,6.8,2023
13,206,228.0,12.0,12,212,193,5000.0,6.8,2023
13,207,196.0,8.0,12,62,193,4700.0,6.6,2023
13,208,196.0,8.0,12,62,193,4700.0,6.6,2023
13,203,168.0,8.0,12,62,193,3900.0,6.1,2023
13,204,168.0,8.0,12,62,193,3900.0,6.1,2023
13,241,254.0,12.0,10,62,193,4400.0,7.6,2023
13,242,254.0,12.0,10,62,193,4400.0,7.6,2023
13,237,187.0,8.0,12,24,193,3700.0,6.7,2023
13,238,187.0,8.0,12,24,193,3700.0,6.7,2023
13,166,189.0,6.0,32,62,27,5000.0,6.4,2023
13,167,189.0,6.0,32,62,27,5000.0,6.4,2023
13,164,199.0,6.0,13,56,52,5000.0,6.6,2023
13,165,199.0,6.0,13,56,52,5000.0,6.6,2023
13,162,195.0,6.0,13,55,103,5000.0,6.5,2023
13,163,195.0,6.0,13,55,103,5000.0,6.5,2023
13,160,190.0,4.0,13,52,32,5000.0,6.6,2023
13,161,190.0,4.0,13,52,32,5000.0,6.6,2023
13,187,202.0,8.0,32,116,27,6000.0,6.7,2023
13,188,202.0,8.0,32,116,27,6000.0,6.7,2023
13,185,199.0,6.0,13,58,26,6000.0,6.5,2023
13,186,199.0,6.0,13,58,26,6000.0,6.5,2023
13,183,202.0,4.0,13,52,32,6000.0,6.6,2023
13,184,202.0,4.0,13,52,32,6000.0,6.6,2023
13,175,199.0,8.0,32,116,27,6000.0,6.7,2023
13,176,199.0,8.0,32,116,27,6000.0,6.7,2023
13,173,190.0,6.0,13,58,26,6000.0,6.5,2023
13,174,190.0,6.0,13,58,26,6000.0,6.5,2023
13,171,198.0,4.0,13,52,32,6000.0,6.6,2023
13,172,198.0,4.0,13,52,32,6000.0,6.6,2023
13,229,732.0,12.0,24,21,193,11200.0,14.6,2023
13,230,586.0,12.0,12,21,193,10090.0,12.4,2023
13,227,498.0,8.0,12,13,193,8400.0,11.0,2023
13,228,523.0,6.0,12,8,27,8000.0,10.9,2023
13,218,480.0,8.0,5,8,173,7040.0,11.0,2023
13,217,366.0,4.0,2,8,103,5100.0,8.7,2023
8,434,205.0,12.0,16,98,192,5000.0,6.7,2023
8,436,202.0,12.0,16,58,192,5000.0,6.7,2023
8,467,190.0,12.0,16,58,82,5000.0,6.74,2023
8,470,179.0,8.0,16,52,188,5000.0,6.72,2023
8,471,195.0,8.0,16,108,173,5000.0,6.72,2023
8,477,192.0,8.0,16,66,58,5000.0,6.72,2023
8,435,204.0,16.0,32,98,193,5000.0,6.7,2023
8,442,210.0,8.0,16,58,193,4500.0,6.7,2023
8,437,202.0,12.0,32,98,193,5000.0,6.7,2023
8,444,210.0,12.0,32,58,194,5000.0,6.7,2023
8,443,202.0,8.0,16,72,193,4800.0,6.55,2023
8,441,215.0,12.0,32,98,193,5000.0,6.7,2023
8,440,200.0,12.0,16,58,193,5000.0,6.7,2023
8,480,550.0,8.0,8,13,82,9510.0,11.61,2023
16,694,182.0,8.0,50,50,77,4600.0,6.78,2023
16,695,182.0,8.0,50,50,77,4600.0,6.78,2023
16,696,182.0,8.0,50,50,77,4600.0,6.78,2023
16,697,182.0,8.0,50,50,77,4600.0,6.78,2023
16,776,190.0,8.0,16,64,81,4500.0,6.44,2023
16,777,190.0,8.0,16,64,81,4500.0,6.44,2023
16,670,190.0,8.0,16,64,124,4500.0,6.44,2023
16,671,190.0,8.0,16,64,124,4500.0,6.44,2023
16,501,535.0,8.0,8,50,54,8040.0,11.0,2023
16,518,510.0,6.0,8,13,203,8040.0,10.4,2023
16,505,500.0,6.0,8,13,184,8040.0,11.0,2023
16,507,550.0,8.0,8,50,204,8040.0,12.3,2023
18,499,520.0,6.0,8,13,203,8040.0,11.0,2023
9,124,239.0,12.0,32,160,193,4805.0,7.82,2023
9,125,198.0,12.0,32,130,84,4300.0,6.8,2023
9,107,173.0,8.0,32,66,186,4500.0,6.55,2023
9,108,173.0,8.0,32,66,186,4500.0,6.55,2023
9,522,520.0,6.0,8,13,203,8360.0,11.0,2023
9,523,520.0,8.0,8,13,203,8360.0,11.0,2023
9,131,218.0,12.0,32,150,193,5000.0,6.82,2023
9,132,218.0,16.0,32,150,193,5000.0,6.82,2023
9,129,207.0,12.0,32,150,22,4800.0,6.74,2023
9,130,207.0,16.0,32,150,22,4800.0,6.74,2023
9,122,191.0,8.0,32,58,21,4300.0,6.8,2023
9,123,191.0,12.0,32,58,21,4300.0,6.8,2023
9,606,180.0,8.0,32,104,15,5000.0,6.7,2023
9,607,180.0,8.0,32,104,15,5000.0,6.7,2023
9,608,186.0,12.0,32,90,186,4600.0,6.7,2023
9,609,194.0,16.0,32,122,195,4700.0,6.74,2023
9,55,186.0,6.0,8,15,58,5000.0,6.56,2023
9,56,186.0,8.0,8,15,58,5000.0,6.56,2023
9,286,195.0,8.0,16,110,124,5000.0,6.72,2023
9,287,195.0,12.0,16,110,124,5000.0,6.72,2023
9,286,195.0,8.0,16,110,124,5000.0,6.72,2023
9,287,195.0,12.0,16,110,124,5000.0,6.72,2023
9,284,184.0,8.0,16,74,137,5000.0,6.7,2023
9,285,184.0,12.0,16,74,137,5000.0,6.7,2023
12,149,191.0,8.0,32,108,150,5500.0,6.78,2023
12,150,191.0,12.0,32,108,150,5500.0,6.78,2023
12,151,191.0,16.0,32,108,150,5500.0,6.78,2023
12,152,191.0,8.0,32,58,127,5500.0,6.78,2023
12,153,191.0,8.0,32,58,127,5500.0,6.78,2023
12,65,189.0,6.0,8,66,99,5000.0,6.72,2023
12,66,189.0,8.0,8,66,99,5000.0,6.72,2023
12,500,482.0,6.0,8,8,103,8360.0,11.5,2023
12,501,482.0,8.0,8,8,103,8360.0,11.5,2023
12,503,466.0,4.0,8,8,98,7100.0,10.4,2023
12,502,466.0,6.0,8,8,98,7100.0,10.4,2023
17,751,206.0,12.0,32,150,194,5000.0,6.73,2023
17,752,206.0,12.0,32,150,194,5000.0,6.73,2023
17,749,189.0,12.0,32,100,194,4610.0,6.36,2023
17,750,189.0,12.0,32,100,194,4610.0,6.36,2023
6,589,192.0,8.0,32,50,195,3500.0,6.36,2023
6,590,192.0,12.0,32,50,195,3500.0,6.5,2023
6,145,166.0,8.0,16,50,173,5000.0,6.5,2023
6,146,166.0,12.0,16,50,173,5000.0,6.5,2023
6,372,195.0,4.0,16,50,99,5000.0,6.8,2023
6,369,195.0,6.0,16,50,99,5000.0,6.8,2023
6,364,198.0,4.0,8,48,215,5000.0,6.5,2023
6,363,198.0,6.0,8,48,215,5000.0,6.5,2023
3,496,197.0,8.0,13,109,196,4815.0,6.67,2023
3,498,200.0,12.0,13,109,196,4815.0,6.67,2023
3,497,206.0,12.0,13,136,196,5100.0,6.73,2023
3,349,239.0,12.0,8,75,196,4800.0,12.0,2023
3,342,209.0,12.0,13,74,46,4750.0,6.7,2023
3,343,225.0,12.0,13,138,46,5000.0,6.82,2023
3,344,235.0,12.0,13,146,46,5200.0,6.82,2023
3,417,168.0,8.0,60,58,187,4500.0,6.7,2023
3,418,188.0,8.0,68,58,187,4500.0,6.78,2023
3,419,188.0,12.0,68,58,187,4500.0,6.78,2023
7,144,193.0,4.0,8,50,158,5000.0,6.56,2023
7,64,199.0,3.0,8,50,209,5000.0,6.52,2023
7,63,199.0,4.0,8,50,209,5000.0,6.52,2023
7,62,190.0,2.0,8,13,209,5000.0,6.5,2023
7,61,190.0,3.0,8,13,209,5000.0,6.5,2023
14,768,187.0,12.0,12,48,193,5000.0,6.5,2023
14,774,178.0,8.0,12,48,193,5000.0,6.1,2023
14,771,164.0,6.0,8,48,173,5000.0,6.1,2023
1,557,193.0,8.0,18,64,38,4385.0,6.1,2023
1,558,187.0,8.0,15,50,39,4575.0,6.2,2023
1,559,213.0,12.0,15,50,39,5050.0,6.7,2023
4,269,196.0,8.0,32,50,99,5000.0,6.78,2023
4,271,195.0,4.0,8,13,210,5000.0,6.6,2023
4,270,195.0,8.0,32,108,103,5000.0,6.78,2023
4,264,196.0,8.0,8,50,99,5000.0,6.78,2023
4,267,191.0,4.0,8,13,210,5000.0,6.6,2023
4,268,191.0,4.0,8,13,210,5000.0,6.6,2023
4,266,205.0,4.0,8,16,95,6000.0,6.82,2023
4,265,202.0,8.0,8,50,75,5000.0,6.78,2023
4,803,185.0,8.0,50,108,73,5000.0,6.78,2023
4,804,185.0,12.0,50,108,73,5000.0,6.78,2023
4,147,187.0,8.0,32,108,74,5000.0,6.67,2023
2,571,196.0,4.0,5,13,95,5200.0,6.74,2023
2,572,199.0,6.0,5,13,58,5200.0,6.74,2023
2,327,204.0,8.0,12,50,143,5100.0,6.81,2023
2,328,219.0,12.0,12,50,143,5100.0,6.81,2023
2,329,234.0,16.0,12,50,143,5450.0,6.81,2023
2,320,267.0,12.0,16,50,145,5000.0,7.9,2023
2,731,185.0,6.0,8,108,117,5800.0,6.78,2023
2,732,179.0,6.0,8,100,58,4500.0,6.7,2023
2,573,191.0,4.0,5,13,94,5000.0,6.52,2023
2,574,195.0,6.0,5,50,59,5200.0,6.74,2023
2,31,183.0,12.0,50,200,126,5000.0,6.7,2023
2,32,192.0,12.0,50,200,145,5000.0,6.78,2023
2,33,175.0,8.0,32,64,81,4600.0,6.67,2023
2,736,185.0,6.0,8,108,117,5800.0,6.78,2023
2,739,179.0,6.0,8,100,58,4500.0,6.7,2023
2,575,191.0,4.0,5,13,94,5000.0,6.52,2023
2,576,195.0,6.0,5,50,59,5200.0,6.74,2023
2,527,510.0,6.0,5,13,73,7250.0,11.0,2023
2,528,530.0,8.0,8,13,82,8500.0,12.1,2023
2,540,495.0,6.0,5,8,122,7250.0,11.5,2023
2,537,460.0,4.0,2,5,97,5100.0,10.1,2023
2,336,590.0,12.0,8,13,145,10000.0,13.0,2023
2,538,450.0,4.0,2,5,112,5000.0,9.7,2023
2,539,460.0,3.0,2,5,112,5100.0,9.7,2023
10,117,181.0,6.0,16,64,179,5000.0,6.67,2023
10,118,204.0,8.0,20,64,195,5160.0,6.67,2023
10,729,189.0,6.0,13,48,173,5000.0,6.67,2023
10,730,181.0,6.0,16,108,186,5000.0,6.67,2023
10,314,199.0,4.0,8,50,99,5000.0,6.58,2023
10,315,202.0,6.0,8,50,151,5000.0,6.79,2023
0,884,174.0,6.0,12,48,7,3600.0,6.1,2024
0,885,174.0,6.0,12,48,7,3600.0,6.1,2024
0,886,174.0,6.0,12,48,7,3600.0,6.1,2024
0,887,203.0,6.0,12,48,7,4200.0,6.7,2024
0,888,203.0,6.0,12,48,7,4200.0,6.7,2024
0,889,203.0,6.0,12,48,7,4200.0,6.7,2024
0,890,206.0,6.0,16,62,8,4400.0,6.1,2024
0,891,206.0,8.0,16,62,8,4400.0,6.1,2024
0,892,206.0,8.0,16,62,8,4400.0,6.1,2024
0,893,221.0,6.0,16,60,8,4500.0,6.7,2024
0,894,221.0,8.0,16,60,8,4500.0,6.7,2024
0,895,221.0,8.0,16,60,8,4500.0,6.7,2024
13,211,234.0,12.0,12,212,29,5000.0,6.8,2024
13,212,234.0,12.0,12,212,29,5000.0,6.8,2024
13,213,196.0,8.0,12,62,29,4800.0,6.6,2024
13,214,196.0,8.0,12,62,29,4800.0,6.6,2024
13,209,168.0,8.0,12,62,29,4000.0,6.1,2024
13,210,168.0,8.0,12,62,29,4000.0,6.1,2024
13,221,433.0,6.0,5,13,27,5050.0,8.0,2024
8,438,205.0,12.0,32,98,194,5000.0,6.7,2024
8,439,203.0,12.0,16,58,193,4500.0,6.7,2024
8,479,238.0,16.0,32,96,193,4800.0,7.8,2024
8,481,550.0,8.0,8,13,82,9510.0,11.61,2024
8,482,610.0,12.0,16,50,194,11000.0,12.4,2024
16,708,223.0,12.0,32,50,25,6000.0,6.78,2024
16,709,223.0,12.0,32,50,25,6000.0,6.78,2024
16,710,223.0,16.0,32,200,25,6000.0,6.78,2024
16,711,223.0,16.0,32,200,25,6000.0,6.78,2024
16,712,187.0,16.0,32,50,25,5700.0,6.31,2024
16,701,179.0,8.0,44,64,186,4100.0,6.44,2024
16,783,190.0,12.0,16,64,12,5000.0,6.58,2024
16,673,180.0,8.0,16,50,203,5000.0,6.67,2024
16,778,181.0,8.0,16,64,20,4500.0,6.38,2024
16,649,189.0,12.0,32,108,193,4700.0,6.56,2024
16,699,192.0,12.0,32,64,11,4500.0,6.44,2024
16,907,210.0,16.0,16,50,194,5000.0,6.78,2024
16,509,560.0,8.0,8,50,82,8040.0,12.9,2024
18,501,540.0,8.0,8,50,204,8040.0,12.3,2024
18,504,555.0,8.0,8,50,192,8040.0,12.3,2024
9,138,210.0,12.0,32,150,193,5000.0,6.8,2024
9,137,195.0,8.0,32,100,193,4800.0,6.7,2024
9,614,187.0,8.0,32,60,172,5000.0,6.7,2024
9,613,187.0,8.0,32,60,172,5000.0,6.7,2024
9,615,190.0,12.0,32,90,77,4600.0,6.74,2024
9,612,185.0,8.0,32,58,63,5000.0,6.7,2024
9,610,185.0,8.0,32,74,63,5000.0,6.7,2024
9,611,190.0,12.0,32,90,77,4600.0,6.74,2024
9,44,180.0,8.0,16,52,16,6000.0,6.7,2024
9,45,186.0,12.0,16,52,16,6000.0,6.7,2024
9,60,186.0,8.0,8,52,14,5100.0,6.67,2024
9,36,186.0,4.0,5,50,175,5000.0,6.7,2024
9,39,186.0,4.0,8,10,175,5100.0,6.67,2024
9,40,186.0,6.0,8,10,175,5100.0,6.67,2024
9,35,186.0,4.0,5,50,175,5000.0,6.7,2024
9,37,186.0,4.0,8,10,175,5100.0,6.67,2024
9,38,186.0,6.0,8,10,175,5100.0,6.67,2024
9,35,186.0,4.0,5,50,175,5000.0,6.7,2024
9,58,186.0,8.0,8,52,171,5000.0,6.67,2024
9,59,186.0,8.0,8,52,171,5000.0,6.67,2024
9,288,192.0,8.0,16,50,178,6400.0,6.7,2024
9,289,192.0,12.0,16,50,178,6400.0,6.7,2024
9,109,175.0,8.0,32,66,15,5000.0,6.7,2024
9,110,175.0,8.0,32,66,15,5000.0,6.7,2024
9,111,177.0,8.0,32,66,15,5000.0,6.7,2024
9,112,177.0,12.0,32,66,15,5000.0,6.7,2024
9,505,533.0,8.0,8,13,19,9510.0,11.6,2024
9,506,533.0,12.0,8,13,19,9510.0,11.6,2024
9,507,586.0,12.0,8,13,194,9510.0,12.1,2024
9,508,586.0,16.0,8,13,194,9510.0,12.1,2024
9,135,221.0,12.0,32,150,194,5000.0,6.82,2024
9,136,221.0,16.0,32,150,194,5000.0,6.82,2024
9,133,206.0,12.0,32,164,23,5000.0,6.78,2024
9,134,206.0,16.0,32,164,23,5000.0,6.78,2024
9,41,186.0,4.0,5,50,125,5100.0,6.67,2024
9,42,186.0,6.0,5,50,125,5100.0,6.67,2024
12,156,222.8,12.0,16,108,141,6500.0,6.78,2024
12,157,222.8,16.0,16,108,141,6500.0,6.78,2024
12,7,185.0,8.0,16,52,65,5000.0,6.5,2024
12,8,185.0,8.0,16,52,65,5000.0,6.5,2024
12,1,190.0,6.0,16,52,59,5000.0,6.6,2024
12,2,190.0,8.0,16,52,59,5000.0,6.6,2024
12,3,192.0,8.0,16,60,139,5200.0,6.7,2024
12,4,192.0,12.0,16,60,139,5200.0,6.7,2024
12,5,195.0,12.0,32,108,128,5500.0,6.78,2024
12,6,195.0,16.0,32,108,128,5500.0,6.78,2024
12,487,185.0,8.0,16,66,76,5100.0,6.7,2024
12,488,185.0,12.0,16,66,76,5100.0,6.7,2024
12,490,188.0,12.0,32,108,129,5500.0,6.78,2024
12,491,188.0,16.0,32,108,129,5500.0,6.78,2024
12,483,184.0,6.0,16,52,59,5000.0,6.6,2024
12,484,184.0,8.0,16,52,59,5000.0,6.6,2024
12,485,190.0,8.0,16,66,138,5200.0,6.7,2024
12,486,190.0,12.0,16,66,138,5200.0,6.7,2024
12,394,200.0,8.0,16,52,75,5000.0,6.6,2024
12,395,200.0,8.0,16,52,75,5000.0,6.6,2024
12,396,195.0,6.0,16,52,103,5000.0,6.5,2024
12,397,193.0,6.0,16,52,99,5000.0,6.5,2024
12,398,198.0,8.0,16,52,60,5000.0,6.6,2024
12,393,198.0,8.0,16,52,75,5200.0,6.6,2024
12,74,190.0,6.0,8,52,98,5000.0,6.6,2024
12,75,190.0,8.0,8,52,98,5000.0,6.6,2024
12,67,189.0,4.0,8,52,212,5000.0,6.5,2024
12,72,195.0,6.0,8,52,99,5000.0,6.6,2024
12,73,195.0,8.0,8,52,99,5000.0,6.6,2024
12,69,192.0,6.0,8,52,121,5000.0,6.6,2024
12,70,192.0,8.0,8,52,121,5000.0,6.6,2024
12,68,191.0,6.0,8,52,98,5000.0,6.6,2024
12,411,198.0,6.0,16,52,59,5200.0,6.6,2024
12,409,196.0,6.0,16,52,75,5200.0,6.6,2024
12,410,196.0,8.0,16,52,75,5200.0,6.6,2024
12,408,195.0,6.0,16,52,103,5000.0,6.5,2024
12,154,199.0,8.0,16,60,143,5200.0,6.8,2024
12,155,199.0,12.0,16,60,143,5200.0,6.8,2024
12,399,193.0,8.0,16,74,77,5000.0,6.7,2024
12,400,193.0,12.0,16,74,77,5000.0,6.7,2024
12,489,195.0,8.0,16,58,84,5100.0,6.7,2024
12,490,195.0,12.0,16,58,84,5100.0,6.7,2024
12,677,465.0,4.0,8,8,98,7200.0,10.5,2024
12,676,465.0,6.0,8,8,98,7200.0,10.5,2024
17,761,210.0,12.0,32,150,191,6100.0,6.73,2024
17,762,210.0,16.0,32,150,191,6100.0,6.73,2024
17,760,210.0,16.0,32,150,191,6100.0,6.73,2024
17,758,190.0,12.0,32,100,191,5400.0,6.36,2024
17,759,190.0,16.0,32,100,191,5400.0,6.36,2024
17,756,209.0,12.0,32,150,24,5000.0,6.67,2024
17,757,209.0,12.0,32,150,24,5000.0,6.67,2024
17,755,209.0,12.0,32,150,24,5000.0,6.67,2024
17,753,195.0,12.0,32,100,18,5000.0,6.67,2024
17,754,195.0,12.0,32,100,18,5000.0,6.67,2024
17,603,205.0,8.0,16,210,190,5110.0,6.67,2024
17,604,205.0,12.0,16,210,190,5110.0,6.67,2024
17,605,205.0,16.0,16,210,190,5110.0,6.67,2024
17,601,195.0,8.0,16,118,68,5500.0,6.67,2024
17,602,195.0,12.0,16,118,68,5500.0,6.67,2024
17,599,190.0,6.0,16,118,132,5000.0,6.67,2024
17,600,190.0,8.0,16,118,132,5000.0,6.67,2024
17,597,185.0,6.0,16,60,62,5000.0,6.67,2024
17,598,185.0,8.0,16,60,62,5000.0,6.67,2024
17,595,180.0,4.0,16,60,121,5000.0,6.67,2024
17,596,180.0,6.0,16,60,121,5000.0,6.67,2024
17,594,195.0,4.0,8,52,60,5000.0,6.5,2024
17,593,195.0,6.0,8,52,60,5000.0,6.5,2024
6,96,168.0,8.0,32,50,177,5000.0,6.7,2024
6,97,168.0,12.0,32,50,177,5000.0,6.7,2024
6,102,186.0,8.0,50,50,178,4500.0,6.7,2024
6,103,186.0,12.0,50,50,178,4500.0,6.7,2024
6,428,180.0,6.0,25,48,33,3500.0,6.3,2024
6,429,180.0,8.0,25,48,33,3500.0,6.3,2024
6,98,170.0,6.0,32,64,173,5000.0,6.7,2024
6,99,170.0,8.0,32,64,173,5000.0,6.7,2024
6,384,205.0,8.0,16,50,161,5000.0,6.78,2024
6,385,205.0,8.0,16,50,161,5000.0,6.78,2024
6,390,190.0,8.0,32,64,76,4500.0,6.7,2024
6,391,190.0,12.0,32,64,76,4500.0,6.7,2024
6,100,171.0,8.0,32,50,66,4310.0,6.4,2024
6,101,171.0,12.0,32,50,66,4310.0,6.4,2024
6,380,182.0,8.0,16,50,61,5000.0,6.49,2024
6,381,182.0,8.0,16,50,61,5000.0,6.49,2024
6,375,188.0,4.0,16,50,216,5000.0,6.72,2024
6,376,188.0,8.0,16,50,216,5000.0,6.72,2024
6,378,183.0,6.0,16,50,176,5000.0,6.5,2024
6,379,183.0,8.0,16,50,176,5000.0,6.5,2024
6,94,180.0,8.0,32,50,189,4700.0,6.7,2024
6,95,180.0,12.0,32,50,189,4700.0,6.7,2024
6,592,189.0,12.0,32,50,195,4000.0,6.7,2024
6,591,188.0,8.0,32,50,177,3800.0,6.67,2024
6,388,173.0,8.0,32,50,176,5000.0,6.67,2024
6,389,173.0,12.0,32,50,176,5000.0,6.67,2024
6,650,170.0,8.0,32,50,65,4300.0,6.5,2024
6,651,170.0,12.0,32,50,65,4300.0,6.5,2024
6,359,180.0,4.0,8,13,210,5000.0,6.5,2024
6,358,180.0,4.0,8,13,210,5000.0,6.5,2024
6,89,174.0,8.0,32,50,189,4700.0,6.7,2024
6,105,174.0,12.0,32,50,189,4700.0,6.7,2024
6,392,198.0,12.0,60,200,194,5000.0,6.9,2024
6,370,195.0,6.0,16,50,160,5000.0,6.8,2024
6,371,195.0,8.0,16,50,160,5000.0,6.8,2024
6,104,198.0,12.0,60,200,194,5000.0,6.9,2024
3,585,220.0,12.0,13,75,47,4900.0,6.8,2024
3,586,220.0,12.0,13,115,47,5050.0,6.8,2024
3,587,220.0,12.0,13,115,47,5050.0,6.8,2024
3,588,226.0,16.0,13,140,47,5200.0,6.8,2024
3,345,220.0,12.0,13,62,47,4900.0,6.7,2024
3,346,220.0,12.0,13,102,47,5000.0,6.8,2024
3,347,220.0,12.0,13,102,47,5000.0,6.8,2024
3,350,241.0,12.0,8,75,47,4800.0,7.93,2024
3,420,168.0,8.0,60,58,46,4500.0,6.7,2024
3,421,188.0,8.0,68,58,46,4500.0,6.78,2024
3,351,245.0,12.0,13,110,47,5000.0,7.92,2024
3,352,245.0,12.0,13,110,47,5000.0,7.92,2024
3,422,170.0,8.0,50,58,46,4600.0,6.7,2024
3,423,170.0,8.0,50,58,46,4600.0,6.7,2024
3,424,190.0,8.0,68,58,46,4600.0,6.78,2024
3,425,190.0,8.0,68,58,46,4600.0,6.78,2024
14,769,190.0,12.0,12,48,194,5000.0,6.5,2024
14,775,180.0,8.0,12,48,194,5000.0,6.1,2024
14,772,167.0,6.0,8,48,177,5000.0,6.1,2024
3,354,508.0,12.0,16,22,46,10100.0,12.2,2024
3,355,580.0,12.0,16,22,46,10100.0,13.2,2024
1,560,194.0,8.0,15,64,39,4385.0,6.1,2024
1,561,195.0,8.0,18,50,40,4600.0,6.3,2024
1,562,216.0,12.0,18,50,40,5050.0,6.7,2024
1,564,222.0,16.0,18,50,40,5250.0,6.8,2024
1,563,250.0,16.0,18,50,40,5500.0,7.6,2024
15,666,190.0,4.0,8,13,89,5000.0,6.6,2024
15,356,450.0,8.0,13,50,87,8000.0,11.0,2024
15,578,195.0,3.0,5,8,209,5000.0,6.52,2024
15,357,420.0,6.0,12,50,97,7500.0,10.9,2024
15,87,198.0,8.0,32,50,75,5200.0,6.8,2024
15,664,200.0,6.0,16,50,59,5000.0,6.6,2024
15,661,195.0,6.0,16,50,58,5000.0,6.6,2024
15,579,190.0,3.0,5,8,208,5000.0,6.52,2024
15,662,205.0,8.0,32,50,103,5200.0,6.8,2024
15,660,192.0,4.0,16,50,98,5000.0,6.6,2024
15,543,280.0,12.0,32,64,85,5500.0,7.85,2024
15,542,195.0,8.0,32,50,74,4300.0,6.9,2024
15,583,225.0,8.0,16,50,75,6000.0,6.8,2024
15,663,190.0,4.0,16,50,98,5000.0,6.6,2024
15,665,195.0,3.0,5,8,209,5000.0,6.52,2024
15,88,202.0,12.0,50,108,84,5200.0,6.9,2024
15,659,195.0,4.0,16,50,98,5000.0,6.6,2024
15,656,210.0,8.0,32,50,75,5200.0,6.8,2024
15,582,230.0,8.0,16,50,103,6000.0,6.8,2024
15,85,210.0,12.0,50,108,84,5200.0,6.9,2024
15,86,205.0,12.0,50,64,77,5200.0,6.8,2024
15,84,198.0,8.0,32,50,75,5000.0,6.7,2024
15,83,195.0,6.0,32,50,103,5000.0,6.7,2024
15,584,230.0,12.0,32,64,76,6000.0,6.9,2024
15,657,210.0,8.0,32,50,103,5200.0,6.8,2024
15,655,195.0,6.0,16,50,98,5000.0,6.6,2024
15,654,192.0,4.0,16,50,98,5000.0,6.6,2024
15,658,190.0,4.0,16,50,98,5000.0,6.6,2024
15,667,195.0,3.0,5,8,209,5000.0,6.52,2024
15,577,195.0,3.0,5,8,208,5000.0,6.52,2024
15,82,202.0,12.0,50,108,84,5200.0,6.9,2024
15,81,202.0,12.0,50,108,75,5200.0,6.9,2024
15,80,200.0,8.0,32,50,103,5000.0,6.7,2024
15,77,205.0,12.0,50,108,77,5200.0,6.8,2024
15,79,200.0,8.0,32,50,75,5000.0,6.7,2024
15,78,198.0,6.0,32,50,103,5000.0,6.7,2024
15,76,195.0,6.0,32,50,103,5000.0,6.7,2024
15,581,240.0,8.0,32,50,81,6000.0,6.9,2024
15,580,230.0,8.0,16,50,103,6000.0,6.8,2024
4,763,450.0,6.0,8,13,103,7000.0,10.1,2024
4,764,470.0,8.0,16,50,75,8000.0,10.4,2024
4,765,420.0,4.0,5,8,210,6000.0,9.7,2024
4,766,480.0,12.0,32,50,84,9000.0,11.0,2024
4,272,192.0,6.0,8,50,98,5000.0,6.78,2024
4,276,190.0,4.0,8,50,210,5000.0,6.6,2024
4,273,195.0,8.0,16,50,75,5200.0,6.78,2024
4,274,194.0,8.0,16,50,103,5000.0,6.8,2024
4,275,196.0,12.0,32,108,84,5300.0,6.9,2024
4,148,198.0,12.0,32,108,77,5500.0,6.9,2024
4,407,198.0,8.0,32,108,65,5200.0,6.8,2024
4,406,196.0,8.0,32,50,103,5000.0,6.78,2024
4,402,195.0,8.0,32,108,76,5200.0,6.8,2024
4,404,195.0,12.0,32,108,82,5300.0,6.8,2024
4,405,196.0,12.0,32,108,84,5500.0,6.9,2024
4,805,195.0,12.0,50,108,77,5000.0,6.78,2024
4,806,195.0,12.0,50,108,77,5000.0,6.78,2024
4,809,190.0,8.0,32,108,135,4500.0,6.7,2024
4,401,190.0,8.0,32,108,103,5000.0,6.78,2024
4,403,190.0,12.0,32,108,76,5000.0,6.78,2024
2,330,203.0,8.0,12,50,144,5200.0,6.81,2024
2,331,219.0,12.0,12,50,144,5500.0,6.81,2024
2,332,234.0,16.0,12,50,144,5550.0,6.81,2024
2,318,231.0,12.0,16,50,143,5000.0,7.92,2024
2,333,203.0,8.0,12,50,144,5200.0,6.81,2024
2,334,219.0,12.0,12,50,144,5500.0,6.81,2024
2,335,234.0,16.0,12,50,144,5550.0,6.81,2024
2,319,231.0,12.0,16,50,143,5000.0,7.92,2024
2,516,550.0,8.0,8,13,117,8300.0,12.1,2024
2,517,560.0,12.0,8,13,76,9000.0,12.6,2024
2,337,580.0,16.0,12,16,143,10500.0,13.2,2024
2,541,505.0,8.0,8,13,139,8000.0,11.6,2024
2,529,530.0,8.0,8,13,82,8500.0,12.1,2024
2,519,610.0,12.0,12,16,144,10500.0,13.5,2024
2,532,475.0,6.0,5,8,122,8850.0,12.1,2024
2,533,485.0,8.0,8,13,139,9000.0,12.6,2024
2,338,590.0,12.0,12,16,144,10500.0,13.0,2024
2,526,530.0,8.0,8,13,82,8500.0,12.1,2024
10,734,193.0,6.0,16,64,76,5000.0,6.67,2024
10,735,205.0,8.0,20,108,78,5000.0,6.67,2024
10,119,190.0,6.0,20,64,193,5000.0,6.67,2024
10,120,210.0,8.0,20,108,197,5160.0,6.67,2024
10,71,190.0,4.0,5,50,98,5000.0,6.5,2024
10,316,198.0,6.0,8,50,61,5110.0,6.67,2024
11,510,571.0,8.0,8,8,189,10000.0,12.1,2024
11,511,571.0,8.0,8,8,189,10000.0,12.1,2024
13,244,239.0,12.0,14,50,194,4400.0,7.6,2024
13,245,239.0,12.0,14,50,194,4400.0,7.6,2024
13,243,239.0,12.0,14,50,194,4400.0,7.6,2024
9,618,192.0,8.0,32,60,91,5800.0,6.67,2025
9,617,192.0,8.0,32,60,91,5800.0,6.67,2025
9,619,210.0,12.0,50,108,79,5800.0,6.83,2025
9,616,200.0,12.0,50,58,79,5600.0,6.59,2025
12,11,184.0,12.0,16,108,140,6000.0,6.83,2025
12,12,184.0,12.0,16,108,140,6000.0,6.83,2025
12,9,184.0,8.0,16,58,67,5800.0,6.7,2025
12,10,184.0,8.0,16,58,67,5800.0,6.7,2025
12,13,190.0,6.0,16,52,139,5500.0,6.6,2025
12,14,190.0,8.0,16,52,139,5500.0,6.6,2025
10,740,195.0,6.0,16,64,77,5000.0,6.67,2025
10,741,207.0,8.0,20,108,80,6000.0,6.67,2025
